city,tracts,pop_total,pop_hispanic,road_miles,cameras_flock,cameras_flock_nonretail,land_sqkm,median_hh_income,pct_hispanic,pct_hispanic_10,log_pop,income_10k,pop_density_1k,log_road_miles,has_cameras,cameras_per_road_mile,region
Agoura Hills,4,18222.0,2298.0,19.000981303470564,18,18,15.914319,176424.45044451763,12.611129404017122,1.2611129404017123,9.810384934273804,17.64244504445176,1.1450065818084958,2.944490625383834,1,0.9473194943206574,"Los Angeles County, CA"
Alhambra,20,81022.0,28273.0,50.877586399488024,57,54,19.764463,90880.29554935696,34.89546049221199,3.489546049221199,11.302476001714904,9.088029554935696,4.099377756936781,3.9294224807897105,1,1.0613711031021589,"Los Angeles County, CA"
Arcadia,12,58074.0,10967.0,64.1456681172042,39,39,28.369335,115648.7951751214,18.884526638426834,1.8884526638426835,10.969473338377144,11.56487951751214,2.047069485414445,4.16115656138023,1,0.6079911729774313,"Los Angeles County, CA"
Artesia,3,15889.0,5261.0,11.570532572972954,1,1,4.196986,101806.11120901252,33.110957266033104,3.3110957266033103,9.673382324888367,10.180611120901252,3.7858120089035325,2.4484615706538158,1,0.08642644525592984,"Los Angeles County, CA"
Avalon,1,3074.0,1576.0,3.1381909307722693,0,0,3.175454,101288.0,51.26870527000651,5.1268705270006505,8.03073492409854,10.1288,0.9680505527713517,1.143646497192912,0,0.0,"Los Angeles County, CA"
Azusa,11,48502.0,33084.0,38.48835791633981,23,23,25.930633999999998,92442.12704630737,68.2116201393757,6.8211620139375695,10.78936031318875,9.244212704630737,1.870451759875983,3.6503558037807426,1,0.5975833016829124,"Los Angeles County, CA"
Baldwin Park,16,68759.0,49794.0,37.865314072938965,37,37,16.8685,80748.71539725708,72.41815616864702,7.241815616864701,11.138362916051879,8.074871539725708,4.076177490588967,3.6340354970761894,1,0.9771475796748409,"Los Angeles County, CA"
Bell,7,32068.0,28991.0,14.646829320935405,8,8,4.610533,60077.19056380192,90.40476487464139,9.040476487464138,10.375613927162842,6.007719056380193,6.9553780441437025,2.6842238834339343,1,0.5461932971776507,"Los Angeles County, CA"
Bell Gardens,9,38229.0,37135.0,22.123522272265568,13,13,6.3686869999999995,62077.84804729394,97.13829815061864,9.713829815061864,10.55134966888039,6.207784804729394,6.002650153791512,3.0966413987093464,1,0.5876098679050318,"Los Angeles County, CA"
Bellflower,18,76819.0,46387.0,29.28218345762448,1,1,15.843604,79983.20536586,60.38480063525951,6.038480063525951,11.249207284371794,7.998320536586,4.8485811687795275,3.3769792579529647,1,0.03415045880875459,"Los Angeles County, CA"
Beverly Hills,7,31624.0,2462.0,32.09611334237743,72,72,14.784194,143565.01356564634,7.785226410321275,0.7785226410321275,10.361671604976522,14.356501356564634,2.1390411949410297,3.468734943128519,1,2.243262267675766,"Los Angeles County, CA"
Bradbury,1,1041.0,161.0,2.4184112265906657,1,1,5.160049,131159.0,15.465898174831892,1.5465898174831891,6.947937068614969,13.1159,0.2017422702768908,0.8831108066285827,1,0.4134946071226031,"Los Angeles County, CA"
Burbank,25,104546.0,25017.0,71.16891230662152,54,51,42.533981,103532.18841466914,23.929179499933042,2.392917949993304,11.557382444918757,10.353218841466914,2.457940628694032,4.2650560981625185,1,0.7166050224327369,"Los Angeles County, CA"
Calabasas,4,17028.0,1627.0,24.58855716974133,12,12,20.141764000000002,165366.75499177826,9.554850833920602,0.9554850833920602,9.742614326948043,16.536675499177825,0.8454075819774275,3.2022811790182715,1,0.4880318888644347,"Los Angeles County, CA"
Carson,22,100262.0,41034.0,122.13291081916957,20,17,45.722640999999996,109686.25478246993,40.92677185773274,4.092677185773274,11.515542038753383,10.968625478246993,2.1928304622648547,4.805109884675851,1,0.1391926212679092,"Los Angeles County, CA"
Cerritos,11,47867.0,7659.0,59.34517789694266,16,16,22.602738,137146.27037416174,16.000584954143772,1.6000584954143773,10.776181610692205,13.714627037416175,2.1177522829313866,4.083370869177624,1,0.2696090999640307,"Los Angeles County, CA"
Claremont,9,37316.0,10794.0,43.57854640769079,5,5,42.011883,130712.01138921642,28.925929896023153,2.8925929896023153,10.527177468080852,13.071201138921642,0.8882248862780087,3.7745649743867875,1,0.11473535517278279,"Los Angeles County, CA"
Commerce,3,12401.0,11687.0,40.03301527019575,22,22,18.802412,74917.14764938311,94.24239980646722,9.424239980646721,9.425532393502772,7.491714764938312,0.6595430416055131,3.689704495428625,1,0.5495464144160738,"Los Angeles County, CA"
Compton,22,99187.0,73346.0,60.20036255028462,56,56,24.742604,76999.72686944861,73.94719066006634,7.394719066006634,11.504762236298276,7.699972686944861,4.008753484475603,4.097678374726618,1,0.9302269559128301,"Los Angeles County, CA"
Covina,8,41383.0,25122.0,35.44982854557428,17,16,13.6119,99858.2932605176,60.706087040572214,6.070608704057221,10.630625447463311,9.98582932605176,3.0402074655264877,3.568118416452316,1,0.45134209829619937,"Los Angeles County, CA"
Cudahy,6,22087.0,21440.0,7.544635106203835,1,1,3.046449,59178.26712545841,97.07067505772626,9.707067505772626,10.002744479133469,5.917826712545842,7.250080339437818,2.0208367287181543,1,0.132544514866957,"Los Angeles County, CA"
Culver City,9,39931.0,7968.0,38.90434873756275,41,41,13.284728,123544.0418471864,19.95442137687511,1.995442137687511,10.594908243570373,12.35440418471864,3.005782278718842,3.6611060371154602,1,1.053866761183278,"Los Angeles County, CA"
Diamond Bar,9,43290.0,8071.0,32.76021423687749,37,37,32.721435,107352.7258951259,18.644028644028644,1.8644028644028645,10.675676940436027,10.73527258951259,1.3229859876255428,3.4892147985507105,1,1.1294187434937428,"Los Angeles County, CA"
Downey,27,114528.0,86027.0,82.19114372333517,19,18,33.017085,94005.77297254819,75.11438250908076,7.511438250908076,11.648574613565753,9.400577297254818,3.4687495882813395,4.40904755566567,1,0.21900169756233187,"Los Angeles County, CA"
Duarte,5,22184.0,10958.0,16.715114150657975,7,7,17.376217,102871.18684637577,49.39596105301118,4.939596105301118,10.007126587295614,10.287118684637576,1.2766875551795884,2.816313349083441,1,0.41878266202115355,"Los Angeles County, CA"
El Monte,24,105542.0,71245.0,61.76864003633471,40,39,25.317344,71572.86830835117,67.50393208390972,6.750393208390972,11.566864256941184,7.157286830835117,4.168762726453455,4.123395792893231,1,0.6313883546255622,"Los Angeles County, CA"
El Segundo,4,16769.0,3334.0,8.247407186748672,4,4,4.556159,147729.59926054027,19.881924980619,1.9881924980619001,9.72728722274711,14.772959926054027,3.6805124667510505,2.1098988705560564,1,0.48500091112597254,"Los Angeles County, CA"
Gardena,16,59422.0,26412.0,38.37370887880605,2,2,15.097437,87224.89535862139,44.44818417421157,4.444818417421157,10.992419807150931,8.722489535862138,3.9358998484312275,3.647372560489401,1,0.05211901738027225,"Los Angeles County, CA"
Glendale,42,190748.0,34620.0,108.38261023335927,82,82,78.954411,94898.29842514731,18.149600520057877,1.8149600520057878,12.15870846416382,9.48982984251473,2.4159258182547902,4.685667653935045,1,0.7565789366342561,"Los Angeles County, CA"
Glendora,12,50389.0,19687.0,42.638403076044696,44,44,50.360293,117393.76844152494,39.07003512671417,3.907003512671417,10.827528176270343,11.739376844152494,1.0005700324261417,3.7527553278439987,1,1.0319335816007678,"Los Angeles County, CA"
Hawaiian Gardens,3,13691.0,10351.0,6.158503794242302,13,13,2.447971,78629.77722591483,75.60441165729311,7.560441165729311,9.524493961633755,7.862977722591483,5.592795012686017,1.8178338574976618,1,2.110902328606818,"Los Angeles County, CA"
Hawthorne,20,85251.0,46347.0,33.33189822132179,10,9,15.705292,79790.18683651804,54.36534468803885,5.4365344688038855,11.353355125282244,7.9790186836518044,5.428170326282377,3.5065148430328126,1,0.27001162490778485,"Los Angeles County, CA"
Hermosa Beach,4,19063.0,2276.0,14.76074833624065,10,10,3.692737,162196.20925352778,11.939358967633636,1.1939358967633635,9.855504562513977,16.21962092535278,5.162295608920971,2.6919715181744173,1,0.6774724270210581,"Los Angeles County, CA"
Hidden Hills,1,3493.0,196.0,5.632194374568716,1,1,9.267203,250001.0,5.61122244488978,0.561122244488978,8.158516244806831,25.0001,0.37692063074478893,1.7284991307901543,1,0.1775506904582949,"Los Angeles County, CA"
Huntington Park,14,53108.0,51357.0,23.66927499870495,2,0,7.790222,62163.18605483166,96.70294494238156,9.670294494238156,10.880082855015793,6.216318605483166,6.817264000948882,3.1641777935132813,0,0.0,"Los Angeles County, CA"
Industry,5,13320.0,9266.0,63.68280819187469,13,13,33.403081,108760.71801801801,69.56456456456456,6.956456456456456,9.49702194409438,10.876071801801801,0.39876561087284135,4.153914639054312,1,0.204136726521722,"Los Angeles County, CA"
Inglewood,26,104849.0,51400.0,60.59096784175137,12,9,23.203075,75457.62342034736,49.022880523419396,4.902288052341939,11.560276498850154,7.5457623420347355,4.518754518528256,4.104145836451228,1,0.14853699025745512,"Los Angeles County, CA"
Irwindale,1,1377.0,1289.0,27.190272640267864,12,12,22.853908,114167.0,93.60929557007988,9.360929557007989,7.227662498728654,11.4167,0.060252277203531227,3.3028592858198467,1,0.4413343021146618,"Los Angeles County, CA"
La Cañada Flintridge,4,19935.0,1542.0,28.32416923823123,40,40,22.354264999999998,236010.6275395034,7.735139202407826,0.7735139202407826,9.900232259815455,23.601062753950337,0.8917761331003279,3.3437154768539825,1,1.412221472889981,"Los Angeles County, CA"
La Habra Heights,2,5967.0,1416.0,11.150141486711057,0,0,15.365638999999998,178562.85302497068,23.730517848164908,2.3730517848164907,8.693999567522082,17.856285302497067,0.3883339963928608,2.4114521872167445,0,0.0,"Los Angeles County, CA"
La Mirada,11,47180.0,21726.0,42.63715827679517,12,11,20.262794,108585.72219160662,46.049173378550236,4.604917337855023,10.761725352961665,10.858572219160662,2.3284054508968506,3.752726133096292,1,0.2579909272702781,"Los Angeles County, CA"
La Puente,9,39486.0,31224.0,21.666578040853437,51,51,9.499738,88551.28055513346,79.07612824798663,7.9076128247986635,10.583701457684175,8.855128055513346,4.156535685510485,3.0757708907970125,1,2.3538557821099806,"Los Angeles County, CA"
La Verne,7,32568.0,11650.0,36.11645919917392,19,19,24.960097,107091.78666175387,35.77130926062392,3.5771309260623925,10.391085490182816,10.709178666175386,1.3048026215603248,3.5867486949278633,1,0.5260759338344713,"Los Angeles County, CA"
Lakewood,17,79898.0,31077.0,51.58546741757238,31,31,24.163908,118767.38609226764,38.89584219880347,3.889584219880347,11.288506100151967,11.876738609226765,3.306501580787346,3.943239993625417,1,0.600944443307302,"Los Angeles County, CA"
Lancaster,39,174305.0,83427.0,242.8782053293347,58,50,256.583718,84901.44419838788,47.86265454232523,4.786265454232523,12.068561917269937,8.490144419838789,0.6793299331643484,5.492560105055026,1,0.20586449876061,"Los Angeles County, CA"
Lawndale,8,30781.0,20038.0,17.320279428811205,2,2,5.107874,86175.15168448069,65.09859978558201,6.509859978558201,10.334652895494106,8.617515168448069,6.0261862371702986,2.851878036307336,1,0.11547157817056489,"Los Angeles County, CA"
Lomita,5,20225.0,6966.0,13.39059850126198,0,0,4.952726,98848.08860321385,34.442521631644006,3.4442521631644007,9.914674741926692,9.884808860321385,4.083609713115565,2.594552856333894,0,0.0,"Los Angeles County, CA"
Long Beach,109,457406.0,200230.0,312.5215930755639,36,36,118.189419,93055.62748848944,43.77511444974486,4.377511444974486,13.033326678106121,9.305562748848944,3.8701095569308115,5.744673564631115,1,0.11519204047860988,"Los Angeles County, CA"
Los Angeles,1098,3822575.0,1805918.0,2064.479052121415,346,293,1173.801846,88894.70078023322,47.243494241447195,4.7243494241447195,15.156434837259974,8.889470078023322,3.2565760677803532,7.6326331985667055,1,0.14192442383899193,"Los Angeles County, CA"
Lynwood,12,65285.0,57087.0,37.17919109383897,2,2,12.699614,79092.68893313932,87.44275101478134,8.744275101478134,11.08651757984214,7.909268893313932,5.14070742622571,3.6157492255703114,1,0.05379353184290831,"Los Angeles County, CA"
Malibu,2,5946.0,713.0,10.996019272370555,1,1,16.209568,195047.87823747058,11.991254624957955,1.1991254624957954,8.690474003558043,19.50478782374706,0.3668203865766194,2.397533322972485,1,0.09094200139432977,"Los Angeles County, CA"
Manhattan Beach,9,34210.0,2631.0,25.731938268774933,1,1,10.189493,211342.20207541654,7.6907337035954395,0.7690733703595439,10.44027327797165,21.134220207541656,3.3573799991815094,3.247732954539772,1,0.038862210438825553,"Los Angeles County, CA"
Maywood,7,24317.0,23648.0,6.164707505069863,0,0,3.059708,60583.328987950816,97.24883826129869,9.724883826129869,10.09893097320806,6.058332898795082,7.947490414117949,1.8188406910576727,0,0.0,"Los Angeles County, CA"
Monrovia,8,36838.0,16537.0,23.36484988546742,19,18,34.771106,97728.45520929476,44.89114501330148,4.489114501330148,10.514285200079048,9.772845520929476,1.0594428604025423,3.151232751371101,1,0.77038800113138,"Los Angeles County, CA"
Montebello,14,63320.0,47676.0,52.90246920443179,13,13,22.329636,79513.99875236892,75.29374605180038,7.529374605180038,11.055956513994948,7.951399875236892,2.835693335977353,3.968450014607283,1,0.24573522172970622,"Los Angeles County, CA"
Monterey Park,15,61220.0,17632.0,55.052410533053695,26,26,20.542935,80860.0768539693,28.801045409996732,2.8801045409996733,11.022229212499404,8.086007685396929,2.980099971109289,4.00828565027639,1,0.4722772308832779,"Los Angeles County, CA"
Norwalk,21,96764.0,67971.0,69.66011141206866,6,6,24.342413999999998,101066.37911826713,70.24409904509942,7.024409904509942,11.48003030326596,10.106637911826713,3.975119312324571,4.243627864305922,1,0.08613250651448852,"Los Angeles County, CA"
Palmdale,33,164914.0,105163.0,134.2697127532648,73,69,181.697149,84480.7615545072,63.76838837212123,6.376838837212123,12.013179404883251,8.448076155450721,0.9076311923859631,4.89985055876055,1,0.513891022667152,"Los Angeles County, CA"
Palos Verdes Estates,3,12925.0,638.0,27.01265269921618,1,1,12.369151,235546.54839458413,4.9361702127659575,0.49361702127659574,9.46691869937663,23.55465483945841,1.0449383308522955,3.2963053747264643,1,0.03701968892633106,"Los Angeles County, CA"
Paramount,11,52050.0,42303.0,33.47322527493191,24,23,12.240739999999999,75343.48574447646,81.27377521613833,8.127377521613834,10.859960074043116,7.534348574447646,4.2521939033097675,3.5107458737396096,1,0.6871163388376766,"Los Angeles County, CA"
Pasadena,34,137500.0,46294.0,134.61821444039646,70,70,57.673479,110207.02193454545,33.66836363636364,3.366836363636364,11.831379196088763,11.020702193454545,2.3841114214732912,4.902442730792304,1,0.5199890690200262,"Los Angeles County, CA"
Pico Rivera,14,61573.0,55530.0,42.803041509125954,22,22,20.752274,88526.41419128515,90.18563331330292,9.018563331330292,11.027978741746653,8.852641419128515,2.967048334076545,3.75660916336021,1,0.5139821663212747,"Los Angeles County, CA"
Pomona,31,148544.0,106544.0,114.21014651513751,81,81,58.365778,82854.34080811073,71.7255493321844,7.17255493321844,11.908636489634109,8.285434080811074,2.5450530274778482,4.738040141919039,1,0.7092189483292904,"Los Angeles County, CA"
Rancho Palos Verdes,10,43234.0,5019.0,60.329694432431396,26,26,36.886372,182838.62025257898,11.608918906416246,1.1608918906416246,10.674382501717998,18.2838620252579,1.1720859942528368,4.0998244275041795,1,0.430965219442968,"Los Angeles County, CA"
Redondo Beach,14,69291.0,10564.0,62.183746871164296,7,7,16.051998,156087.1590538454,15.245847224026209,1.5245847224026208,11.146070306614268,15.608715905384539,4.316658898163332,4.130093661277093,1,0.11256960785111558,"Los Angeles County, CA"
Rolling Hills,1,1509.0,95.0,4.039171692563858,0,0,7.744892,250001.0,6.295559973492379,0.629555997349238,7.319202458767849,25.0001,0.19483809457898188,1.3960396443591292,0,0.0,"Los Angeles County, CA"
Rolling Hills Estates,3,8336.0,790.0,16.406863062184403,4,4,9.045375,195479.19481765834,9.476967370441459,0.9476967370441459,9.028338763993148,19.547919481765835,0.9215759435070409,2.797699726693557,1,0.2438004135732356,"Los Angeles County, CA"
Rosemead,13,47961.0,14183.0,29.134448199039905,23,23,12.521579000000001,76547.18888263381,29.571943871061904,2.9571943871061905,10.778143459633002,7.654718888263381,3.8302677322085334,3.3719212609627887,1,0.7894434740232334,"Los Angeles County, CA"
San Dimas,8,40343.0,17245.0,55.00385369224646,40,34,43.339479,109014.85556354262,42.74595344917334,4.274595344917334,10.605173176616129,10.901485556354261,0.930860290221763,4.007403249909638,1,0.6181385069896068,"Los Angeles County, CA"
San Fernando,5,23632.0,21846.0,16.677255855523775,40,40,6.155488,91473.6769211239,92.4424509140149,9.24424509140149,10.07035700477116,9.14736769211239,3.8391757079211266,2.814045866341256,1,2.3984761250005864,"Los Angeles County, CA"
San Gabriel,9,36974.0,9623.0,25.088832430128882,19,19,9.879573,94948.67893655002,26.026396927570726,2.6026396927570725,10.51797024191239,9.494867893655002,3.7424694366851683,3.2224228240276513,1,0.757309055848415,"Los Angeles County, CA"
San Marino,3,12216.0,653.0,25.04819754401808,39,39,9.709059,219598.7514734774,5.345448592010478,0.5345448592010478,9.410501846898468,21.95987514734774,1.2582063823074925,3.2208018706114214,1,1.5569982603125005,"Los Angeles County, CA"
Santa Clarita,46,216722.0,80186.0,207.09213360562052,37,33,182.54598,125894.65079687341,36.99947398049114,3.699947398049114,12.286370705213995,12.58946507968734,1.1872186941613285,5.333163784124474,1,0.15934936506494313,"Los Angeles County, CA"
Santa Fe Springs,3,20742.0,16594.0,44.90692079889574,40,40,16.886817,88374.91379809083,80.00192845434384,8.000192845434384,9.93991590914968,8.837491379809082,1.2282954212152593,3.8045919209301973,1,0.8907313012871637,"Los Angeles County, CA"
Santa Monica,19,91161.0,13937.0,62.741111320662675,54,54,21.766295,121507.98725332104,15.288336020886124,1.5288336020886124,11.420382453023016,12.150798725332104,4.188172585182733,4.139016915717908,1,0.8606796861472878,"Los Angeles County, CA"
Sierra Madre,2,10940.0,1958.0,5.466943928627668,0,0,7.643252,145381.91535648995,17.89762340036563,1.7897623400365632,9.300181075975972,14.538191535648995,1.431327921675224,1.6987197635272984,0,0.0,"Los Angeles County, CA"
Signal Hill,3,11468.0,4290.0,17.874563748537337,5,5,5.663697,101856.4776770143,37.40844087896756,3.740844087896756,9.34731582700326,10.18564776770143,2.0248258337266276,2.8833786826060153,1,0.27972710664947814,"Los Angeles County, CA"
South El Monte,5,20249.0,15244.0,19.373065214602484,7,7,7.502458,77405.59484418984,75.28273001135858,7.528273001135858,9.915860688599269,7.740559484418983,2.698982120259787,2.963883710361595,1,0.3613264045961987,"Los Angeles County, CA"
South Gate,21,91483.0,87050.0,46.84172689652319,13,13,18.958576,76542.25225451724,95.15429096116219,9.515429096116218,11.42390844165235,7.654225225451724,4.825415157762904,3.846774406037168,1,0.27753033163610624,"Los Angeles County, CA"
South Pasadena,6,26068.0,5144.0,20.67951910389215,20,20,8.828903,141568.0088998005,19.733005984348626,1.9733005984348626,10.168463787452271,14.156800889980051,2.952575195355527,3.0291437952060236,1,0.9671404784377091,"Los Angeles County, CA"
Temple City,8,33511.0,7336.0,27.557328629581576,10,10,9.469966,102377.4274118946,21.891319268299963,2.1891319268299965,10.419629022124354,10.23774274118946,3.5386610680545214,3.3162685121870483,1,0.3628798761453765,"Los Angeles County, CA"
Torrance,33,142130.0,27426.0,126.92454041531568,37,36,49.084868,118642.10665587842,19.296418771547174,1.9296418771547175,11.864497410733058,11.864210665587843,2.8955970707713834,4.843592739911525,1,0.2836330931922442,"Los Angeles County, CA"
Vernon,1,331.0,296.0,34.071102416963015,10,10,12.949308,70667.0,89.42598187311178,8.942598187311178,5.802118375377063,7.0667,0.025561211456241524,3.528449588559512,1,0.29350385783294436,"Los Angeles County, CA"
Walnut,7,27611.0,4762.0,33.13656553367083,26,26,22.88985,134278.92959327804,17.246749483901343,1.7246749483901342,10.225969523029635,13.427892959327803,1.2062551742366159,3.5006373715546313,1,0.784631707639731,"Los Angeles County, CA"
West Covina,23,105586.0,57282.0,88.69711079169483,47,47,41.097706,102310.99913814332,54.25151061693785,5.425151061693785,11.56728106570778,10.231099913814331,2.5691458301833197,4.485227315974372,1,0.5298932465836402,"Los Angeles County, CA"
West Hollywood,7,34884.0,4578.0,15.242262662760826,49,49,4.8888,96042.86799105607,13.123495012039903,1.3123495012039903,10.459783550346875,9.604286799105607,7.135493372606775,2.7240720079232092,1,3.2147458080298326,"Los Angeles County, CA"
Westlake Village,1,3443.0,210.0,6.350736224777838,3,3,2.019448,167000.0,6.099331977926227,0.6099331977926228,8.144098463338524,16.7,1.704921344842749,1.8485707470938681,1,0.4723861759988223,"Los Angeles County, CA"
Whittier,19,80416.0,54418.0,63.103215712630934,30,30,35.867978,103801.25589434938,67.67061281337047,6.767061281337047,11.294968440343318,10.380125589434938,2.241999813872976,4.144771730413948,1,0.47541158816087253,"Los Angeles County, CA"
Algona,2,10061.0,2509.0,11.039314120055398,0,0,7.027089,103051.04701321936,24.9378789384753,2.49378789384753,9.21642184229205,10.305104701321936,1.4317450654175576,2.401462912112423,0,0.0,"King County, WA"
Auburn,15,75968.0,17155.0,91.78167963175426,42,37,71.445643,100012.02556339512,22.58187657961247,2.2581876579612468,11.23806747796934,10.001202556339512,1.0632978696825501,4.519412709428502,1,0.40313056100575967,"King County, WA"
Bellevue,34,152456.0,11222.0,164.58248213888592,23,20,86.88669,169959.1907435588,7.360812299942278,0.7360812299942279,11.934631308808212,16.995919074355882,1.7546531004921466,5.103411855719484,1,0.12151961581866676,"King County, WA"
Black Diamond,1,3973.0,503.0,8.021539877498606,2,2,15.390867,146750.0,12.660458092121821,1.2660458092121822,8.287276755814599,14.675,0.2581401034782511,2.082130408123521,1,0.24932868632994556,"King County, WA"
Bothell,5,29696.0,1786.0,27.651904047285605,2,0,18.425931,135757.0913591056,6.014278017241379,0.6014278017241379,10.298767635585927,13.57570913591056,1.6116417672463879,3.3196945880670747,0,0.0,"King County, WA"
Burien,12,53467.0,12261.0,61.272695326422145,6,6,28.481852,98559.6957001515,22.93190192081097,2.293190192081097,10.886819920140972,9.85596957001515,1.8772304553790955,4.115334316734933,1,0.09792289971961894,"King County, WA"
Covington,4,19947.0,2126.0,16.87866494508394,9,7,15.488703,137520.81651376147,10.658244347520931,1.065824434752093,9.900834035070565,13.752081651376146,1.2878418548021744,2.826050395108912,1,0.4147247440941004,"King County, WA"
Des Moines,6,33557.0,7312.0,28.35101902359764,10,10,16.780276,95788.41425037995,21.78979050570671,2.1789790505706708,10.421000764451936,9.578841425037995,1.9997883229095874,3.3446629739227554,1,0.35272100772380055,"King County, WA"
Enumclaw,1,5990.0,377.0,9.362942043854062,2,2,6.362588,122436.0,6.293823038397329,0.6293823038397328,8.697846691109495,12.2436,0.9414408099345738,2.236759562025607,1,0.2136080721884658,"King County, WA"
Federal Way,21,102290.0,19863.0,84.36997715040623,23,17,59.337223,92172.40161306091,19.41832046143318,1.9418320461433178,11.535567195451053,9.21724016130609,1.723875753336148,4.43521161735145,1,0.20149347640208704,"King County, WA"
Issaquah,5,28576.0,1404.0,35.99376745495887,13,4,22.822249,165504.21993980964,4.9132138857782754,0.49132138857782753,10.260322483676225,16.550421993980965,1.2521114812129164,3.583345797216888,1,0.11113035069211459,"King County, WA"
Kenmore,5,27179.0,2738.0,25.46111032949906,0,0,16.759028,154132.54965230508,10.073954155782038,1.007395415578204,10.210199895269655,15.413254965230509,1.6217527651364982,3.237152202920644,0,0.0,"King County, WA"
Kent,28,129773.0,22654.0,125.09636602457026,37,28,90.69353100000001,97972.75877879065,17.456635817928227,1.7456635817928228,11.773542049287906,9.797275877879065,1.430895881647832,4.829084368486361,1,0.22382744511139918,"King County, WA"
Kirkland,19,87008.0,6134.0,75.89569069879457,2,2,48.259912,161586.6499402354,7.049926443545421,0.7049926443545421,11.373755347432198,16.15866499402354,1.8029042406873845,4.329359906752802,1,0.02635195729277111,"King County, WA"
Lake Forest Park,4,18288.0,1240.0,20.15338945740477,2,2,11.167552,151226.52077865266,6.7804024496937885,0.6780402449693789,9.814000386034591,15.122652077865267,1.637601508369963,3.0033724855323567,1,0.09923889002527854,"King County, WA"
Maple Valley,4,22040.0,1122.0,13.524835895536764,4,4,15.050331,154593.43833938293,5.090744101633394,0.5090744101633394,10.00061426326685,15.459343833938293,1.4644196197412533,2.6045276912420596,1,0.29575220216313397,"King County, WA"
Medina,1,2928.0,9.0,5.502883320293897,7,7,3.704669,250001.0,0.3073770491803279,0.030737704918032786,7.982074875081202,25.0001,0.7903540100343647,1.7052721949260505,1,1.2720604077111606,"King County, WA"
Mercer Island,6,25307.0,615.0,24.98208274714828,1,1,16.530953,207539.41514205557,2.430157663887462,0.24301576638874617,10.1388363162887,20.753941514205557,1.5308857269148366,3.2181588778089982,1,0.04002868816508706,"King County, WA"
Newcastle,3,14641.0,1369.0,15.714150265626817,7,7,14.085205,178975.4036609521,9.350454203947818,0.9350454203947818,9.591581091193483,17.89754036609521,1.0394594895849936,2.7545615972398436,1,0.4454583850653269,"King County, WA"
Normandy Park,1,6631.0,253.0,8.593039700237846,4,4,6.378626,158482.0,3.81541245664304,0.38154124566430403,8.799510901368867,15.8482,1.0395655741534306,2.1509525383876595,1,0.4654930198785518,"King County, WA"
North Bend,1,7938.0,919.0,14.471702974984165,0,0,16.775239,171544.0,11.577223481985387,1.1577223481985386,8.97941663334301,17.1544,0.4731974310470331,2.672195223765744,0,0.0,"King County, WA"
Redmond,12,79443.0,6343.0,80.10415500176107,21,18,61.358373,165069.59972558942,7.984340974031696,0.7984340974031696,11.282795062356453,16.506959972558942,1.294737720636758,4.383327725410134,1,0.2247074449459491,"King County, WA"
Renton,23,101781.0,16143.0,79.07574333861024,63,63,50.93036,103843.49575068038,15.860524066377812,1.5860524066377812,11.530578725207546,10.384349575068038,1.9984347253779473,4.370406169572571,1,0.7967044929344224,"King County, WA"
Sammamish,12,57415.0,3402.0,52.07694756639845,4,4,49.883043,226682.52792824176,5.925280849952103,0.5925280849952104,10.95806087221029,22.668252792824177,1.1509923322039515,3.9527223857064326,1,0.07680941735112208,"King County, WA"
SeaTac,6,33483.0,7786.0,35.80412950471956,34,34,23.353321,76879.49526625451,23.253591374727474,2.3253591374727476,10.418793126323825,7.687949526625451,1.4337575370971862,3.578063236048279,1,0.9496111334173968,"King County, WA"
Seattle,177,754145.0,63894.0,506.73546409048356,30,23,217.72903399999998,133474.4494904826,8.472376001962488,0.8472376001962487,13.533339936193647,13.34744494904826,3.463685968496053,6.227989100343459,1,0.04538857378234155,"King County, WA"
Shoreline,12,57287.0,5064.0,53.150091730313925,4,4,28.730622,124190.73592612635,8.839701852078132,0.8839701852078132,10.955829000871807,12.419073592612635,1.993935251384394,3.9731198306625526,1,0.07525857190042472,"King County, WA"
Snoqualmie,2,7481.0,359.0,11.271864432572869,0,0,22.902895,179327.48496190348,4.798823686672905,0.4798823686672905,8.920121751872404,17.93274849619035,0.32663992914432866,2.4223097476053956,0,0.0,"King County, WA"
Tukwila,4,15470.0,3993.0,52.14953112251703,42,40,25.609944,76031.6869424693,25.81124757595346,2.581124757595346,9.646657943567112,7.60316869424693,0.604062234575757,3.954115190467092,1,0.7670251129588559,"King County, WA"
Woodinville,3,16051.0,1207.0,24.97225975032948,0,0,20.313670000000002,166994.94853903184,7.519780699021868,0.7519780699021867,9.683526431913219,16.699494853903186,0.7901575638473993,3.217765598808443,0,0.0,"King County, WA"
Yarrow Point,1,4606.0,147.0,5.003593721456136,8,8,4.469122,250001.0,3.1914893617021276,0.3191489361702128,8.43511508038063,25.0001,1.0306274923799352,1.610156398552349,1,1.5988508350897555,"King County, WA"
