region,level,quartile,units,pct_hispanic_range,mean_pct_hispanic,total_flock_cameras,mean_cameras_per_unit,pct_units_with_camera,cameras_per_road_mile,cameras_per_10k_residents,mean_median_income,mean_pop_density_sqkm,mean_road_miles,crime_per_1k_residents,units_with_crime_data,ratio_q4_to_q1_per_road_mile
"Los Angeles County, CA",tract,1,618,0.0-21.3,12.9,919,1.487,40.6,0.4369,3.94,132098.0,4057.0,3.4,95.7,300,0.76
"Los Angeles County, CA",tract,2,617,21.4-45.0,32.8,586,0.95,31.9,0.2452,2.42,99267.0,4656.0,3.87,100.5,258,0.76
"Los Angeles County, CA",tract,3,617,45.1-72.1,59.2,543,0.88,29.2,0.2965,2.14,79836.0,5573.0,2.97,92.5,283,0.76
"Los Angeles County, CA",tract,4,618,72.2-100.0,85.6,501,0.811,27.3,0.3327,2.01,72247.0,6264.0,2.44,88.9,259,0.76
"Los Angeles County, CA",bg,1,1597,0.0-19.2,10.3,825,0.517,25.4,0.4138,3.88,140857.0,4031.0,1.25,96.4,693,0.8
"Los Angeles County, CA",bg,2,1596,19.3-43.3,30.6,631,0.395,19.4,0.2658,2.65,107241.0,4731.0,1.49,103.2,617,0.8
"Los Angeles County, CA",bg,3,1596,43.3-73.0,58.2,554,0.347,17.7,0.2961,2.19,87311.0,5488.0,1.17,92.8,653,0.8
"Los Angeles County, CA",bg,4,1597,73.0-100.0,87.0,519,0.325,15.6,0.3312,2.04,77254.0,6627.0,0.98,89.4,608,0.8
"King County, WA",tract,1,124,0.0-5.3,3.5,63,0.508,20.2,0.1243,1.2,170603.0,3125.0,4.09,126.0,52,2.76
"King County, WA",tract,2,123,5.3-8.5,6.8,66,0.537,20.3,0.1041,1.14,148453.0,3830.0,5.16,138.4,53,2.76
"King County, WA",tract,3,123,8.5-13.2,10.6,106,0.862,21.1,0.1661,1.79,129659.0,3626.0,5.19,152.1,51,2.76
"King County, WA",tract,4,124,13.2-58.7,21.8,204,1.645,51.6,0.343,3.45,94258.0,2916.0,4.8,187.3,21,2.76
"King County, WA",bg,1,383,0.0-3.4,1.5,81,0.211,10.2,0.1319,1.49,167484.0,3314.0,1.6,127.6,122,2.69
"King County, WA",bg,2,383,3.4-7.4,5.3,59,0.154,9.7,0.1036,1.03,155303.0,3693.0,1.49,141.6,163,2.69
"King County, WA",bg,3,383,7.4-14.2,10.3,88,0.23,9.7,0.1481,1.57,134511.0,4303.0,1.55,154.8,169,2.69
"King County, WA",bg,4,383,14.3-78.4,25.8,211,0.551,22.5,0.3547,3.53,104467.0,3364.0,1.55,159.6,75,2.69
