city,region,units,population,pct_hispanic,flock_cameras,flock_cameras_nonretail,road_miles,cameras_per_road_mile,cameras_per_10k_residents,has_cameras
Los Angeles,"Los Angeles County, CA",1098,3822575.0,47.2,346,293,2064.5,0.1676,0.91,True
(unincorporated county),"Los Angeles County, CA",236,997696.0,56.9,207,206,1652.1,0.1253,2.07,True
Glendale,"Los Angeles County, CA",42,190748.0,18.1,82,82,108.4,0.7565,4.3,True
Pomona,"Los Angeles County, CA",31,148544.0,71.7,81,81,114.2,0.7093,5.45,True
Palmdale,"Los Angeles County, CA",33,164914.0,63.8,73,69,134.3,0.5436,4.43,True
Beverly Hills,"Los Angeles County, CA",7,31624.0,7.8,72,72,32.1,2.243,22.77,True
Pasadena,"Los Angeles County, CA",34,137500.0,33.7,70,70,134.6,0.5201,5.09,True
Lancaster,"Los Angeles County, CA",39,174305.0,47.9,58,50,242.9,0.2388,3.33,True
Alhambra,"Los Angeles County, CA",20,81022.0,34.9,57,54,50.9,1.1198,7.04,True
Compton,"Los Angeles County, CA",22,99187.0,73.9,56,56,60.2,0.9302,5.65,True
Santa Monica,"Los Angeles County, CA",19,91161.0,15.3,54,54,62.7,0.8612,5.92,True
Burbank,"Los Angeles County, CA",25,104546.0,23.9,54,51,71.2,0.7584,5.17,True
La Puente,"Los Angeles County, CA",9,39486.0,79.1,51,51,21.7,2.3502,12.92,True
West Hollywood,"Los Angeles County, CA",7,34884.0,13.1,49,49,15.2,3.2237,14.05,True
West Covina,"Los Angeles County, CA",23,105586.0,54.3,47,47,88.7,0.5299,4.45,True
Glendora,"Los Angeles County, CA",12,50389.0,39.1,44,44,42.6,1.0329,8.73,True
Culver City,"Los Angeles County, CA",9,39931.0,20.0,41,41,38.9,1.054,10.27,True
San Dimas,"Los Angeles County, CA",8,40343.0,42.7,40,34,55.0,0.7273,9.91,True
Santa Fe Springs,"Los Angeles County, CA",3,20742.0,80.0,40,40,44.9,0.8909,19.28,True
El Monte,"Los Angeles County, CA",24,105542.0,67.5,40,39,61.8,0.6472,3.79,True
La Cañada Flintridge,"Los Angeles County, CA",4,19935.0,7.7,40,40,28.3,1.4134,20.07,True
San Fernando,"Los Angeles County, CA",5,23632.0,92.4,40,40,16.7,2.3952,16.93,True
San Marino,"Los Angeles County, CA",3,12216.0,5.3,39,39,25.0,1.56,31.93,True
Arcadia,"Los Angeles County, CA",12,58074.0,18.9,39,39,64.1,0.6084,6.72,True
Santa Clarita,"Los Angeles County, CA",46,216722.0,37.0,37,33,207.1,0.1787,1.71,True
Baldwin Park,"Los Angeles County, CA",16,68759.0,72.4,37,37,37.9,0.9763,5.38,True
Diamond Bar,"Los Angeles County, CA",9,43290.0,18.6,37,37,32.8,1.128,8.55,True
Torrance,"Los Angeles County, CA",33,142130.0,19.3,37,36,126.9,0.2916,2.6,True
Long Beach,"Los Angeles County, CA",109,457406.0,43.8,36,36,312.5,0.1152,0.79,True
Lakewood,"Los Angeles County, CA",17,79898.0,38.9,31,31,51.6,0.6008,3.88,True
Whittier,"Los Angeles County, CA",19,80416.0,67.7,30,30,63.1,0.4754,3.73,True
Walnut,"Los Angeles County, CA",7,27611.0,17.2,26,26,33.1,0.7855,9.42,True
Rancho Palos Verdes,"Los Angeles County, CA",10,43234.0,11.6,26,26,60.3,0.4312,6.01,True
Monterey Park,"Los Angeles County, CA",15,61220.0,28.8,26,26,55.1,0.4719,4.25,True
Paramount,"Los Angeles County, CA",11,52050.0,81.3,24,23,33.5,0.7164,4.61,True
Rosemead,"Los Angeles County, CA",13,47961.0,29.6,23,23,29.1,0.7904,4.8,True
Azusa,"Los Angeles County, CA",11,48502.0,68.2,23,23,38.5,0.5974,4.74,True
Pico Rivera,"Los Angeles County, CA",14,61573.0,90.2,22,22,42.8,0.514,3.57,True
Commerce,"Los Angeles County, CA",3,12401.0,94.2,22,22,40.0,0.55,17.74,True
Carson,"Los Angeles County, CA",22,100262.0,40.9,20,17,122.1,0.1638,1.99,True
South Pasadena,"Los Angeles County, CA",6,26068.0,19.7,20,20,20.7,0.9662,7.67,True
La Verne,"Los Angeles County, CA",7,32568.0,35.8,19,19,36.1,0.5263,5.83,True
Downey,"Los Angeles County, CA",27,114528.0,75.1,19,18,82.2,0.2311,1.66,True
San Gabriel,"Los Angeles County, CA",9,36974.0,26.0,19,19,25.1,0.757,5.14,True
Monrovia,"Los Angeles County, CA",8,36838.0,44.9,19,18,23.4,0.812,5.16,True
Agoura Hills,"Los Angeles County, CA",4,18222.0,12.6,18,18,19.0,0.9474,9.88,True
Covina,"Los Angeles County, CA",8,41383.0,60.7,17,16,35.4,0.4802,4.11,True
Cerritos,"Los Angeles County, CA",11,47867.0,16.0,16,16,59.3,0.2698,3.34,True
Montebello,"Los Angeles County, CA",14,63320.0,75.3,13,13,52.9,0.2457,2.05,True
Bell Gardens,"Los Angeles County, CA",9,38229.0,97.1,13,13,22.1,0.5882,3.4,True
Hawaiian Gardens,"Los Angeles County, CA",3,13691.0,75.6,13,13,6.2,2.0968,9.5,True
South Gate,"Los Angeles County, CA",21,91483.0,95.2,13,13,46.8,0.2778,1.42,True
Industry,"Los Angeles County, CA",5,13320.0,69.6,13,13,63.7,0.2041,9.76,True
Calabasas,"Los Angeles County, CA",4,17028.0,9.6,12,12,24.6,0.4878,7.05,True
La Mirada,"Los Angeles County, CA",11,47180.0,46.0,12,11,42.6,0.2817,2.54,True
Irwindale,"Los Angeles County, CA",1,1377.0,93.6,12,12,27.2,0.4412,87.15,True
Inglewood,"Los Angeles County, CA",26,104849.0,49.0,12,9,60.6,0.198,1.14,True
Hermosa Beach,"Los Angeles County, CA",4,19063.0,11.9,10,10,14.8,0.6757,5.25,True
Temple City,"Los Angeles County, CA",8,33511.0,21.9,10,10,27.6,0.3623,2.98,True
Vernon,"Los Angeles County, CA",1,331.0,89.4,10,10,34.1,0.2933,302.11,True
Hawthorne,"Los Angeles County, CA",20,85251.0,54.4,10,9,33.3,0.3003,1.17,True
Bell,"Los Angeles County, CA",7,32068.0,90.4,8,8,14.6,0.5479,2.49,True
South El Monte,"Los Angeles County, CA",5,20249.0,75.3,7,7,19.4,0.3608,3.46,True
Duarte,"Los Angeles County, CA",5,22184.0,49.4,7,7,16.7,0.4192,3.16,True
Redondo Beach,"Los Angeles County, CA",14,69291.0,15.2,7,7,62.2,0.1125,1.01,True
Norwalk,"Los Angeles County, CA",21,96764.0,70.2,6,6,69.7,0.0861,0.62,True
Signal Hill,"Los Angeles County, CA",3,11468.0,37.4,5,5,17.9,0.2793,4.36,True
Claremont,"Los Angeles County, CA",9,37316.0,28.9,5,5,43.6,0.1147,1.34,True
Rolling Hills Estates,"Los Angeles County, CA",3,8336.0,9.5,4,4,16.4,0.2439,4.8,True
El Segundo,"Los Angeles County, CA",4,16769.0,19.9,4,4,8.2,0.4878,2.39,True
Westlake Village,"Los Angeles County, CA",1,3443.0,6.1,3,3,6.4,0.4688,8.71,True
Gardena,"Los Angeles County, CA",16,59422.0,44.4,2,2,38.4,0.0521,0.34,True
Lynwood,"Los Angeles County, CA",12,65285.0,87.4,2,2,37.2,0.0538,0.31,True
Huntington Park,"Los Angeles County, CA",14,53108.0,96.7,2,0,23.7,0.0844,0.38,True
Lawndale,"Los Angeles County, CA",8,30781.0,65.1,2,2,17.3,0.1156,0.65,True
Bradbury,"Los Angeles County, CA",1,1041.0,15.5,1,1,2.4,0.4167,9.61,True
Hidden Hills,"Los Angeles County, CA",1,3493.0,5.6,1,1,5.6,0.1786,2.86,True
Artesia,"Los Angeles County, CA",3,15889.0,33.1,1,1,11.6,0.0862,0.63,True
Bellflower,"Los Angeles County, CA",18,76819.0,60.4,1,1,29.3,0.0341,0.13,True
Cudahy,"Los Angeles County, CA",6,22087.0,97.1,1,1,7.5,0.1333,0.45,True
Malibu,"Los Angeles County, CA",2,5946.0,12.0,1,1,11.0,0.0909,1.68,True
Manhattan Beach,"Los Angeles County, CA",9,34210.0,7.7,1,1,25.7,0.0389,0.29,True
Palos Verdes Estates,"Los Angeles County, CA",3,12925.0,4.9,1,1,27.0,0.037,0.77,True
Lomita,"Los Angeles County, CA",5,20225.0,34.4,0,0,13.4,0.0,0.0,False
La Habra Heights,"Los Angeles County, CA",2,5967.0,23.7,0,0,11.2,0.0,0.0,False
Sierra Madre,"Los Angeles County, CA",2,10940.0,17.9,0,0,5.5,0.0,0.0,False
Avalon,"Los Angeles County, CA",1,3074.0,51.3,0,0,3.1,0.0,0.0,False
Maywood,"Los Angeles County, CA",7,24317.0,97.2,0,0,6.2,0.0,0.0,False
Rolling Hills,"Los Angeles County, CA",1,1509.0,6.3,0,0,4.0,0.0,0.0,False
Renton,"King County, WA",23,101781.0,15.9,63,63,79.1,0.7965,6.19,True
Auburn,"King County, WA",15,75968.0,22.6,42,37,91.8,0.4575,5.53,True
Tukwila,"King County, WA",4,15470.0,25.8,42,40,52.1,0.8061,27.15,True
(unincorporated county),"King County, WA",64,302295.0,9.9,37,37,604.7,0.0612,1.22,True
Kent,"King County, WA",28,129773.0,17.5,37,28,125.1,0.2958,2.85,True
SeaTac,"King County, WA",6,33483.0,23.3,34,34,35.8,0.9497,10.15,True
Seattle,"King County, WA",177,754145.0,8.5,30,23,506.7,0.0592,0.4,True
Bellevue,"King County, WA",34,152456.0,7.4,23,20,164.6,0.1397,1.51,True
Federal Way,"King County, WA",21,102290.0,19.4,23,17,84.4,0.2725,2.25,True
Redmond,"King County, WA",12,79443.0,8.0,21,18,80.1,0.2622,2.64,True
Issaquah,"King County, WA",5,28576.0,4.9,13,4,36.0,0.3611,4.55,True
Des Moines,"King County, WA",6,33557.0,21.8,10,10,28.4,0.3521,2.98,True
Covington,"King County, WA",4,19947.0,10.7,9,7,16.9,0.5325,4.51,True
Yarrow Point,"King County, WA",1,4606.0,3.2,8,8,5.0,1.6,17.37,True
Medina,"King County, WA",1,2928.0,0.3,7,7,5.5,1.2727,23.91,True
Newcastle,"King County, WA",3,14641.0,9.4,7,7,15.7,0.4459,4.78,True
Burien,"King County, WA",12,53467.0,22.9,6,6,61.3,0.0979,1.12,True
Maple Valley,"King County, WA",4,22040.0,5.1,4,4,13.5,0.2963,1.81,True
Sammamish,"King County, WA",12,57415.0,5.9,4,4,52.1,0.0768,0.7,True
Shoreline,"King County, WA",12,57287.0,8.8,4,4,53.2,0.0752,0.7,True
Normandy Park,"King County, WA",1,6631.0,3.8,4,4,8.6,0.4651,6.03,True
Black Diamond,"King County, WA",1,3973.0,12.7,2,2,8.0,0.25,5.03,True
Bothell,"King County, WA",5,29696.0,6.0,2,0,27.7,0.0722,0.67,True
Kirkland,"King County, WA",19,87008.0,7.0,2,2,75.9,0.0264,0.23,True
Lake Forest Park,"King County, WA",4,18288.0,6.8,2,2,20.2,0.099,1.09,True
Enumclaw,"King County, WA",1,5990.0,6.3,2,2,9.4,0.2128,3.34,True
Mercer Island,"King County, WA",6,25307.0,2.4,1,1,25.0,0.04,0.4,True
Kenmore,"King County, WA",5,27179.0,10.1,0,0,25.5,0.0,0.0,False
North Bend,"King County, WA",1,7938.0,11.6,0,0,14.5,0.0,0.0,False
Snoqualmie,"King County, WA",2,7481.0,4.8,0,0,11.3,0.0,0.0,False
Algona,"King County, WA",2,10061.0,24.9,0,0,11.0,0.0,0.0,False
Woodinville,"King County, WA",3,16051.0,7.5,0,0,25.0,0.0,0.0,False
