region,level,model,term,coefficient,std_error,rate_ratio,ci_low,ci_high,p_value,significant_05
"Los Angeles County, CA",tract,M1 base,pct_hispanic_10,-0.0424,0.0207,0.9585,0.9204,0.9981,0.04037854939148788,True
"Los Angeles County, CA",tract,M1 base,log_pop,0.5921,0.1127,1.8078,1.4495,2.2548,1.496947739076755e-07,True
"Los Angeles County, CA",tract,M1 base,income_10k,0.0145,0.0141,1.0146,0.9869,1.043,0.30516376352510977,False
"Los Angeles County, CA",tract,M1 base,pop_density_1k,-0.0473,0.0239,0.9538,0.9102,0.9995,0.04744540663406418,True
"Los Angeles County, CA",tract,M2 +crime,pct_hispanic_10,-0.1479,0.0604,0.8625,0.7662,0.971,0.014421673409493779,True
"Los Angeles County, CA",tract,M2 +crime,log_pop,-0.6384,0.3697,0.5281,0.2559,1.0899,0.08416587087688392,False
"Los Angeles County, CA",tract,M2 +crime,income_10k,0.1131,0.0363,1.1197,1.0429,1.2022,0.0018230230595692838,True
"Los Angeles County, CA",tract,M2 +crime,pop_density_1k,0.0165,0.0451,1.0166,0.9307,1.1105,0.7147751326428575,False
"Los Angeles County, CA",tract,M2 +crime,crime_per_1k,0.0003,0.0013,1.0003,0.9977,1.0029,0.8062078420049752,False
"Los Angeles County, CA",tract,M3 within-city,pct_hispanic_10,-0.0656,0.0248,0.9365,0.8921,0.9832,0.00823845492228209,True
"Los Angeles County, CA",tract,M3 within-city,log_pop,0.2073,0.1141,1.2303,0.9838,1.5385,0.06924346211611726,False
"Los Angeles County, CA",tract,M3 within-city,income_10k,0.0342,0.0166,1.0348,1.0017,1.0689,0.03909774453996215,True
"Los Angeles County, CA",tract,M3 within-city,pop_density_1k,0.0167,0.0235,1.0168,0.9711,1.0647,0.47693407971034707,False
"Los Angeles County, CA",tract,M3 within-city,city_(unincorporated county),-1.3461,0.1855,0.2602,0.1809,0.3744,3.987874712446549e-13,True
"Los Angeles County, CA",tract,M3 within-city,city_Alhambra,0.458,0.1927,1.5809,1.0836,2.3063,0.017463043538563393,True
"Los Angeles County, CA",tract,M3 within-city,city_Arcadia,-0.4291,0.1823,0.6511,0.4555,0.9307,0.01856593459405181,True
"Los Angeles County, CA",tract,M3 within-city,city_Azusa,-0.0149,0.1998,0.9852,0.6659,1.4574,0.9403642144088625,False
"Los Angeles County, CA",tract,M3 within-city,city_Baldwin Park,0.5475,0.277,1.7289,1.0046,2.9752,0.0480772323741212,True
"Los Angeles County, CA",tract,M3 within-city,city_Bellflower,-2.9453,1.0027,0.0526,0.0074,0.3753,0.0033088616593537827,True
"Los Angeles County, CA",tract,M3 within-city,city_Burbank,-0.1489,0.1822,0.8617,0.6029,1.2316,0.4140281578663204,False
"Los Angeles County, CA",tract,M3 within-city,city_Carson,-1.6033,0.4556,0.2012,0.0824,0.4914,0.00043244093044198754,True
"Los Angeles County, CA",tract,M3 within-city,city_Cerritos,-1.5346,0.6264,0.2155,0.0631,0.7357,0.014287691078362327,True
"Los Angeles County, CA",tract,M3 within-city,city_Compton,0.5627,0.2476,1.7554,1.0804,2.8522,0.02307807668030394,True
"Los Angeles County, CA",tract,M3 within-city,city_Downey,-1.1368,0.4024,0.3208,0.1458,0.706,0.004728431903542289,True
"Los Angeles County, CA",tract,M3 within-city,city_El Monte,0.1028,0.188,1.1083,0.7667,1.6021,0.5845371647339415,False
"Los Angeles County, CA",tract,M3 within-city,city_Gardena,-2.5928,0.9826,0.0748,0.0109,0.5133,0.008324280569166741,True
"Los Angeles County, CA",tract,M3 within-city,city_Glendale,-0.1146,0.18,0.8917,0.6266,1.2691,0.5244869037986464,False
"Los Angeles County, CA",tract,M3 within-city,city_Glendora,0.22,0.177,1.2461,0.8808,1.763,0.21395083473866428,False
"Los Angeles County, CA",tract,M3 within-city,city_Hawthorne,-0.8948,0.526,0.4087,0.1458,1.1459,0.08892908985259051,False
"Los Angeles County, CA",tract,M3 within-city,city_Huntington Park,-22.4267,0.3424,0.0,0.0,0.0,0.0,True
"Los Angeles County, CA",tract,M3 within-city,city_Inglewood,-1.4739,0.4124,0.229,0.1021,0.514,0.00035184355444885923,True
"Los Angeles County, CA",tract,M3 within-city,city_La Mirada,-1.1828,0.4319,0.3064,0.1314,0.7144,0.006168034123548313,True
"Los Angeles County, CA",tract,M3 within-city,city_Lakewood,-0.3693,0.2666,0.6912,0.4099,1.1657,0.1660380272120946,False
"Los Angeles County, CA",tract,M3 within-city,city_Lancaster,-0.8782,0.2607,0.4155,0.2493,0.6926,0.0007551353591455217,True
"Los Angeles County, CA",tract,M3 within-city,city_Long Beach,-2.5308,0.5903,0.0796,0.025,0.2532,1.8105115671352054e-05,True
"Los Angeles County, CA",tract,M3 within-city,city_Los Angeles,-1.7075,0.1635,0.1813,0.1316,0.2498,1.547146495650037e-25,True
"Los Angeles County, CA",tract,M3 within-city,city_Lynwood,-2.3472,0.956,0.0956,0.0147,0.6228,0.014077350174958123,True
"Los Angeles County, CA",tract,M3 within-city,city_Montebello,-0.8633,0.3309,0.4218,0.2205,0.8068,0.009082144673640092,True
"Los Angeles County, CA",tract,M3 within-city,city_Monterey Park,-0.3284,0.2327,0.7201,0.4564,1.1362,0.1582174411155871,False
"Los Angeles County, CA",tract,M3 within-city,city_Norwalk,-1.9644,0.6347,0.1402,0.0404,0.4865,0.001966337386061035,True
"Los Angeles County, CA",tract,M3 within-city,city_Palmdale,-0.055,0.2453,0.9465,0.5852,1.5308,0.8225504221897673,False
"Los Angeles County, CA",tract,M3 within-city,city_Paramount,0.1576,0.239,1.1707,0.7328,1.8704,0.5095991026261002,False
"Los Angeles County, CA",tract,M3 within-city,city_Pasadena,-0.2663,0.3311,0.7662,0.4004,1.4662,0.4212986343823306,False
"Los Angeles County, CA",tract,M3 within-city,city_Pico Rivera,-0.0859,0.2411,0.9177,0.5721,1.4722,0.7217956366453858,False
"Los Angeles County, CA",tract,M3 within-city,city_Pomona,0.1503,0.2028,1.1622,0.781,1.7292,0.4585911004029892,False
"Los Angeles County, CA",tract,M3 within-city,city_Rancho Palos Verdes,-1.1682,0.352,0.3109,0.156,0.6198,0.0009043811517056581,True
"Los Angeles County, CA",tract,M3 within-city,city_Redondo Beach,-2.3003,0.5843,0.1002,0.0319,0.315,8.256779431521435e-05,True
"Los Angeles County, CA",tract,M3 within-city,city_Rosemead,0.1395,0.2522,1.1496,0.7013,1.8846,0.5802393960177914,False
"Los Angeles County, CA",tract,M3 within-city,city_Santa Clarita,-1.5519,0.3143,0.2119,0.1144,0.3923,7.922182311811064e-07,True
"Los Angeles County, CA",tract,M3 within-city,city_Santa Monica,-0.161,0.2104,0.8513,0.5636,1.2858,0.44411827469819554,False
"Los Angeles County, CA",tract,M3 within-city,city_South Gate,-0.6079,0.5744,0.5445,0.1766,1.6786,0.28991673950817975,False
"Los Angeles County, CA",tract,M3 within-city,city_Torrance,-1.4439,0.4587,0.236,0.096,0.5799,0.0016458523938853227,True
"Los Angeles County, CA",tract,M3 within-city,city_West Covina,-0.3287,0.2309,0.7198,0.4578,1.1318,0.1545225577238117,False
"Los Angeles County, CA",tract,M3 within-city,city_Whittier,-0.3602,0.2933,0.6975,0.3925,1.2394,0.21936938312435206,False
"Los Angeles County, CA",bg,M4 block group,pct_hispanic_10,-0.0317,0.0151,0.9688,0.9406,0.9978,0.035421273840967715,True
"Los Angeles County, CA",bg,M4 block group,log_pop,-0.0139,0.0771,0.9862,0.8479,1.1471,0.8573148886685719,False
"Los Angeles County, CA",bg,M4 block group,income_10k,0.0122,0.0082,1.0123,0.9961,1.0288,0.13802832759822345,False
"Los Angeles County, CA",bg,M4 block group,pop_density_1k,-0.0403,0.0157,0.9605,0.9314,0.9905,0.010262638207046962,True
"King County, WA",tract,M1 base,pct_hispanic_10,0.3773,0.1372,1.4583,1.1144,1.9083,0.0059652837358496165,True
"King County, WA",tract,M1 base,log_pop,0.2017,0.3689,1.2235,0.5937,2.5214,0.5845146429512538,False
"King County, WA",tract,M1 base,income_10k,-0.0286,0.0359,0.9718,0.9058,1.0426,0.42518338289721547,False
"King County, WA",tract,M1 base,pop_density_1k,-0.0767,0.049,0.9262,0.8413,1.0196,0.11790746827316864,False
"King County, WA",tract,M2 +crime,pct_hispanic_10,0.4628,0.5807,1.5885,0.5089,4.9582,0.42551844851763465,False
"King County, WA",tract,M2 +crime,log_pop,1.4499,1.3554,4.2625,0.2992,60.7353,0.28477210459844193,False
"King County, WA",tract,M2 +crime,income_10k,0.1042,0.0508,1.1099,1.0047,1.2261,0.04015827111567614,True
"King County, WA",tract,M2 +crime,pop_density_1k,-0.0011,0.0595,0.9989,0.8889,1.1224,0.9846235558190017,False
"King County, WA",tract,M2 +crime,crime_per_1k,0.0025,0.0011,1.0025,1.0003,1.0048,0.025417149986556233,True
"King County, WA",tract,M3 within-city,pct_hispanic_10,0.2647,0.1254,1.3031,1.0192,1.6661,0.03470237240196031,True
"King County, WA",tract,M3 within-city,log_pop,-0.0526,0.3347,0.9488,0.4923,1.8284,0.8752049608781287,False
"King County, WA",tract,M3 within-city,income_10k,-0.0099,0.0348,0.9902,0.9248,1.0602,0.777229214607114,False
"King County, WA",tract,M3 within-city,pop_density_1k,0.0309,0.0338,1.0314,0.9652,1.1021,0.3616265821510608,False
"King County, WA",tract,M3 within-city,city_(unincorporated county),-1.3406,0.3614,0.2617,0.1289,0.5313,0.00020733341529867582,True
"King County, WA",tract,M3 within-city,city_Auburn,0.0444,0.263,1.0454,0.6243,1.7505,0.8660867747170534,False
"King County, WA",tract,M3 within-city,city_Bellevue,-0.7428,0.4676,0.4758,0.1903,1.1897,0.1121764628336356,False
"King County, WA",tract,M3 within-city,city_Burien,-1.4812,0.5696,0.2274,0.0744,0.6944,0.009316230652672132,True
"King County, WA",tract,M3 within-city,city_Federal Way,-0.5298,0.4681,0.5887,0.2352,1.4735,0.25770134961945834,False
"King County, WA",tract,M3 within-city,city_Kent,-0.5075,0.2636,0.602,0.3591,1.0092,0.05418566207852136,False
"King County, WA",tract,M3 within-city,city_Kirkland,-2.287,0.7074,0.1016,0.0254,0.4064,0.001225198404838553,True
"King County, WA",tract,M3 within-city,city_Redmond,-0.2584,0.4248,0.7723,0.3359,1.7756,0.5430011024196847,False
"King County, WA",tract,M3 within-city,city_Renton,0.4425,0.3398,1.5565,0.7997,3.0298,0.19288808198545604,False
"King County, WA",tract,M3 within-city,city_Sammamish,-1.0133,0.7486,0.363,0.0837,1.5747,0.17590544165919808,False
"King County, WA",tract,M3 within-city,city_Seattle,-1.9795,0.4443,0.1381,0.0578,0.33,8.383812266681461e-06,True
"King County, WA",tract,M3 within-city,city_Shoreline,-1.2733,1.0267,0.2799,0.0374,2.094,0.21491126159463136,False
"King County, WA",bg,M4 block group,pct_hispanic_10,0.2171,0.0619,1.2424,1.1006,1.4026,0.00044986929386901987,True
"King County, WA",bg,M4 block group,log_pop,0.655,0.3393,1.9251,0.9901,3.7431,0.0535321377531978,False
"King County, WA",bg,M4 block group,income_10k,-0.0418,0.0209,0.9591,0.9205,0.9993,0.046064868895370904,True
"King County, WA",bg,M4 block group,pop_density_1k,-0.0519,0.0355,0.9494,0.8855,1.0179,0.1440936449338521,False
