region,chain,name,address,lat,lon,flock_within_150m,flock_cameras_within_150m,retail_operated_within_150m,nonretail_flock_within_150m,nearest_flock_m,nearest_nonretail_flock_m,nearest_daylabor_candidate_m,nearest_verified_daylabor_m,verified_daylabor_within_150m,store_group
"Los Angeles County, CA",Lowe's,Lowe's Outlet,725 West Huntington Drive Monrovia,34.1412196,-118.01497,True,1,0,1,82.1,82.1,2422.2,,False,home improvement (Home Depot / Lowe's)
"Los Angeles County, CA",Lowe's,Lowe's,1348 North Azusa Avenue Covina,34.1041138,-117.9042795,True,1,0,1,121.8,121.8,6051.4,,False,home improvement (Home Depot / Lowe's)
"Los Angeles County, CA",Lowe's,,,33.8030339,-118.33387,True,2,0,2,50.7,50.7,5297.1,,False,home improvement (Home Depot / Lowe's)
"Los Angeles County, CA",Lowe's,Lowe's,4550 West Pico Boulevard Los Angeles,34.0477749,-118.3354468,True,4,0,4,89.4,89.4,851.1,,False,home improvement (Home Depot / Lowe's)
"Los Angeles County, CA",Home Depot,The Home Depot,500 South Marengo Avenue Alhambra,34.0850793,-118.1407306,True,2,1,1,101.4,134.5,11.2,,False,home improvement (Home Depot / Lowe's)
"Los Angeles County, CA",Home Depot,The Home Depot,2881 East Walnut Street Pasadena,34.1493489,-118.0902356,False,0,0,0,1562.4,1562.4,160.2,,False,home improvement (Home Depot / Lowe's)
"Los Angeles County, CA",Home Depot,The Home Depot,3500 Market Place Drive Monterey Park,34.0371998,-118.1014807,False,0,0,0,415.4,415.4,7.8,,False,home improvement (Home Depot / Lowe's)
"Los Angeles County, CA",Lowe's,Lowe's,7300 East Carson Street Long Beach,33.8278922,-118.0891033,False,0,0,0,779.4,779.4,4826.6,,False,home improvement (Home Depot / Lowe's)
"Los Angeles County, CA",Home Depot,The Home Depot,5000 Hardwick Street Lakewood,33.8489481,-118.1345951,True,2,0,2,89.3,89.3,15.9,,False,home improvement (Home Depot / Lowe's)
"Los Angeles County, CA",Home Depot,The Home Depot,2055 North Figueroa Street Los Angeles,34.0837469,-118.2251436,True,1,1,0,107.2,1672.7,73.2,,False,home improvement (Home Depot / Lowe's)
"Los Angeles County, CA",Home Depot,The Home Depot,1625 South Mountain Avenue Monrovia,34.1337159,-117.9900831,True,2,0,2,125.4,125.4,21.8,,False,home improvement (Home Depot / Lowe's)
"Los Angeles County, CA",Lowe's,Lowe's,17789 Castelton Street City Of Industry,33.994254,-117.9162399,True,1,0,1,141.5,141.5,797.2,,False,home improvement (Home Depot / Lowe's)
"Los Angeles County, CA",Home Depot,The Home Depot,2115 North Gaffey Street San Pedro,33.7652241,-118.2947127,True,2,2,0,98.5,157.2,2586.9,,False,home improvement (Home Depot / Lowe's)
"Los Angeles County, CA",Home Depot,The Home Depot,6345 Variel Avenue Woodland Hills,34.1854477,-118.5942718,True,2,2,0,126.1,4370.2,11.3,,False,home improvement (Home Depot / Lowe's)
"Los Angeles County, CA",Home Depot,The Home Depot,751 Spring Street Signal Hill,33.8135977,-118.1836555,True,3,0,3,106.3,106.3,11.8,,False,home improvement (Home Depot / Lowe's)
"Los Angeles County, CA",Home Depot,The Home Depot,1305 South Lone Hill Avenue Glendora,34.1146579,-117.8313584,True,3,2,1,92.4,92.4,8367.8,,False,home improvement (Home Depot / Lowe's)
"Los Angeles County, CA",Home Depot,The Home Depot,3363 Century Boulevard Inglewood,33.948251,-118.3303116,False,0,0,0,2010.5,2010.5,324.0,,False,home improvement (Home Depot / Lowe's)
"Los Angeles County, CA",Home Depot,The Home Depot,16800 Roscoe Boulevard Van Nuys,34.2199472,-118.4994925,True,4,4,0,110.6,1462.0,2894.6,,False,home improvement (Home Depot / Lowe's)
"Los Angeles County, CA",Home Depot,The Home Depot,20642 Golden Triangle Road Santa Clarita,34.4189243,-118.4970618,True,4,0,4,130.2,130.2,9.4,,False,home improvement (Home Depot / Lowe's)
"Los Angeles County, CA",Lowe's,Lowe's,39500 Lowes Drive Palmdale,34.5993522,-118.1439484,True,3,0,3,113.4,113.4,809.5,,False,home improvement (Home Depot / Lowe's)
"Los Angeles County, CA",Lowe's,Lowe's,730 West Avenue K Lancaster,34.6735217,-118.1449427,True,3,2,1,105.0,137.6,2263.1,,False,home improvement (Home Depot / Lowe's)
"Los Angeles County, CA",Home Depot,The Home Depot,2450 Cherry Avenue Signal Hill,33.8019605,-118.1658859,True,2,0,2,90.2,90.2,27.4,,False,home improvement (Home Depot / Lowe's)
"Los Angeles County, CA",Lowe's,Lowe's,2800 West 120th Street Hawthorne,33.9220621,-118.3243973,True,1,1,0,136.3,156.3,2701.8,,False,home improvement (Home Depot / Lowe's)
"Los Angeles County, CA",Home Depot,The Home Depot,340 West Avenue P Palmdale,34.5989348,-118.1349817,True,1,1,0,101.8,888.7,28.0,,False,home improvement (Home Depot / Lowe's)
"Los Angeles County, CA",Lowe's,Lowe's,14873 Carmenita Road Norwalk,33.8963919,-118.0482316,True,1,0,1,113.6,113.6,9583.3,,False,home improvement (Home Depot / Lowe's)
"Los Angeles County, CA",Home Depot,The Home Depot,14603 Ocean Gate Avenue Hawthorne,33.8984318,-118.3692179,True,3,1,2,77.0,77.0,32.7,,False,home improvement (Home Depot / Lowe's)
"Los Angeles County, CA",Home Depot,The Home Depot,7870 Van Nuys Boulevard Panorama City,34.2138603,-118.4458055,True,2,2,0,99.4,3130.9,1415.3,,False,home improvement (Home Depot / Lowe's)
"Los Angeles County, CA",Home Depot,The Home Depot,11600 Sherman Way North Hollywood,34.1996883,-118.3836227,True,1,1,0,137.3,1441.5,732.6,,False,home improvement (Home Depot / Lowe's)
"Los Angeles County, CA",Home Depot,The Home Depot,4925 West Slauson Avenue Los Angeles,33.9888735,-118.3644166,True,1,0,1,95.7,95.7,21.0,,False,home improvement (Home Depot / Lowe's)
"Los Angeles County, CA",Home Depot,The Home Depot,101 Towne Center Drive Compton,33.879955,-118.2221787,True,4,0,4,65.2,65.2,37.2,,False,home improvement (Home Depot / Lowe's)
"Los Angeles County, CA",Home Depot,The Home Depot,12960 Foothill Boulevard San Fernando,34.2943092,-118.4188437,True,2,0,2,91.6,91.6,36.8,,False,home improvement (Home Depot / Lowe's)
"Los Angeles County, CA",Home Depot,The Home Depot,963 West Badillo Street Covina,34.088166,-117.9102305,True,4,1,3,85.4,85.4,4716.4,,False,home improvement (Home Depot / Lowe's)
"Los Angeles County, CA",Home Depot,The Home Depot,740 West 182nd Street Los Angeles,33.868595,-118.286546,False,0,0,0,892.2,892.2,14.3,,False,home improvement (Home Depot / Lowe's)
"Los Angeles County, CA",Home Depot,The Home Depot,110 East Sepulveda Boulevard Carson,33.8063784,-118.2740711,True,2,2,0,75.5,172.4,2406.6,,False,home improvement (Home Depot / Lowe's)
"Los Angeles County, CA",Home Depot,The Home Depot,1830 West Slauson Avenue Los Angeles,33.9872229,-118.311948,True,2,2,0,78.9,2266.3,67.2,,False,home improvement (Home Depot / Lowe's)
"Los Angeles County, CA",Lowe's,Lowe's,22255 South Western Avenue Torrance,33.8254143,-118.3108124,True,3,0,3,115.7,115.7,5240.8,,False,home improvement (Home Depot / Lowe's)
"Los Angeles County, CA",Home Depot,The Home Depot,12975 West Jefferson Boulevard Los Angeles,33.9767568,-118.4237496,True,2,2,0,96.2,806.2,12.4,,False,home improvement (Home Depot / Lowe's)
"Los Angeles County, CA",Home Depot,The Home Depot,6400 Alondra Boulevard Paramount,33.887634,-118.1855166,True,1,1,0,125.7,322.3,8.2,,False,home improvement (Home Depot / Lowe's)
"Los Angeles County, CA",Home Depot,The Home Depot,8801 South La Cienega Boulevard Inglewood,33.9577814,-118.3709135,True,3,3,0,80.8,996.7,34.3,,False,home improvement (Home Depot / Lowe's)
"Los Angeles County, CA",Home Depot,The Home Depot,5600 Sunset Boulevard Hollywood,34.0974338,-118.3127257,True,1,0,1,89.3,89.3,17.2,,False,home improvement (Home Depot / Lowe's)
"Los Angeles County, CA",Home Depot,The Home Depot,21218 Roscoe Boulevard Canoga Park,34.2182707,-118.594008,True,1,1,0,96.4,3914.1,2487.4,,False,home improvement (Home Depot / Lowe's)
"Los Angeles County, CA",Lowe's,Lowe's,19601 Nordhoff Street Northridge,34.23697,-118.5611124,True,5,5,0,57.5,301.9,2303.7,,False,home improvement (Home Depot / Lowe's)
"Los Angeles County, CA",Lowe's,Lowe's,13500 Paxton Street Pacoima,34.2734419,-118.4243387,True,3,1,2,86.9,86.9,2339.6,,False,home improvement (Home Depot / Lowe's)
"Los Angeles County, CA",Lowe's,Lowe's,8383 Topanga Canyon Boulevard West Hills,34.2206391,-118.6075723,True,4,4,0,99.1,3256.4,2472.3,,False,home improvement (Home Depot / Lowe's)
"Los Angeles County, CA",Home Depot,The Home Depot,22855 Victory Boulevard West Hills,34.1893238,-118.6263144,True,2,2,0,86.6,2411.2,353.6,,False,home improvement (Home Depot / Lowe's)
"Los Angeles County, CA",Lowe's,Lowe's,37080 47th Street East Palmdale,34.5545289,-118.0426087,False,0,0,0,203.1,203.1,2758.7,,False,home improvement (Home Depot / Lowe's)
"Los Angeles County, CA",Lowe's,Lowe's,2840 Bellflower Boulevard Long Beach,33.8077511,-118.12189,False,0,0,0,272.6,272.6,4124.8,,False,home improvement (Home Depot / Lowe's)
"Los Angeles County, CA",Home Depot,The Home Depot,24451 Crenshaw Boulevard Torrance,33.8034653,-118.33073,True,2,1,1,70.2,70.2,5046.8,,False,home improvement (Home Depot / Lowe's)
"Los Angeles County, CA",Lowe's,Lowe's,8500 Washington Boulevard Pico Rivera,33.9840027,-118.1028649,False,0,0,0,201.1,201.1,5894.4,,False,home improvement (Home Depot / Lowe's)
"Los Angeles County, CA",Home Depot,The Home Depot,10930 Alondra Boulevard Cerritos,33.8857684,-118.1010864,True,5,0,5,79.3,79.3,5140.6,,False,home improvement (Home Depot / Lowe's)
"Los Angeles County, CA",Home Depot,The Home Depot,12300 La Mirada Boulevard La Mirada,33.9184809,-118.0094835,True,4,1,3,71.0,72.0,12734.6,,False,home improvement (Home Depot / Lowe's)
"Los Angeles County, CA",Home Depot,The Home Depot,,33.998784,-118.0813685,False,0,0,0,289.7,289.7,4641.3,,False,home improvement (Home Depot / Lowe's)
"Los Angeles County, CA",Home Depot,The Home Depot,7121 Firestone Boulevard Downey,33.9498654,-118.1555951,False,0,0,0,173.1,863.4,7434.7,,False,home improvement (Home Depot / Lowe's)
"Los Angeles County, CA",Home Depot,The Home Depot,3040 East Slauson Avenue Huntington Park,33.9878735,-118.2148086,True,2,2,0,117.3,1528.1,6802.8,,False,home improvement (Home Depot / Lowe's)
"Los Angeles County, CA",Home Depot,The Home Depot,7015 Telegraph Road Commerce,33.9869622,-118.1342859,True,1,0,1,117.5,117.5,6336.4,,False,home improvement (Home Depot / Lowe's)
"Los Angeles County, CA",Home Depot,The Home Depot,2707 South Towne Avenue Pomona,34.0222653,-117.7416574,True,1,0,1,123.6,123.6,61.5,,False,home improvement (Home Depot / Lowe's)
"Los Angeles County, CA",Lowe's,Lowe's,633 West Bonita Avenue San Dimas,34.108282,-117.8192379,True,1,1,0,96.1,168.6,7156.1,,False,home improvement (Home Depot / Lowe's)
"Los Angeles County, CA",Home Depot,The Home Depot,2220 South Azusa Avenue West Covina,34.0368611,-117.910859,True,2,0,2,123.7,123.7,18.7,,False,home improvement (Home Depot / Lowe's)
"Los Angeles County, CA",Home Depot,The Home Depot,3200 Puente Avenue Baldwin Park,34.0725111,-117.9576905,True,3,0,3,127.5,127.5,7.5,,False,home improvement (Home Depot / Lowe's)
"Los Angeles County, CA",Home Depot,The Home Depot,9700 Lower Azusa Road El Monte,34.0883272,-118.054559,True,1,1,0,87.6,178.5,27.3,,False,home improvement (Home Depot / Lowe's)
"Los Angeles County, CA",Home Depot,The Home Depot,18131 Gale Avenue City of Industry,33.9961591,-117.9078043,True,3,0,3,75.1,75.1,17.6,,False,home improvement (Home Depot / Lowe's)
"Los Angeles County, CA",Home Depot,The Home Depot,12322 Washington Boulevard Whittier,33.9648812,-118.0494795,False,0,0,0,191.9,191.9,9343.5,,False,home improvement (Home Depot / Lowe's)
"Los Angeles County, CA",Home Depot,The Home Depot,5040 San Fernando Road Glendale,34.1434736,-118.2677182,True,1,0,1,106.8,106.8,4555.0,,False,home improvement (Home Depot / Lowe's)
"Los Angeles County, CA",Home Depot,The Home Depot,1200 Flower Street Burbank,34.1698019,-118.2990755,True,2,1,1,109.7,114.8,862.8,,False,home improvement (Home Depot / Lowe's)
"Los Angeles County, CA",Lowe's,Lowe's,2000 Empire Avenue Burbank,34.1895254,-118.3325076,False,0,0,0,245.9,245.9,3346.8,,False,home improvement (Home Depot / Lowe's)
"Los Angeles County, CA",Home Depot,The Home Depot,28033 Newhall Ranch Road Santa Clarita,34.440647,-118.5740531,False,0,0,0,164.4,164.4,7467.2,,False,home improvement (Home Depot / Lowe's)
"Los Angeles County, CA",Lowe's,Lowe's,19001 Golden Valley Road Santa Clarita,34.3964099,-118.4609243,True,1,1,0,110.5,170.4,1179.3,,False,home improvement (Home Depot / Lowe's)
"Los Angeles County, CA",Lowe's,Lowe's,26415 Bouquet Canyon Road Santa Clarita,34.426601,-118.5404616,True,1,1,0,124.4,195.8,4070.5,,False,home improvement (Home Depot / Lowe's)
"Los Angeles County, CA",Home Depot,The Home Depot,38215 47th Street East Palmdale,34.5765705,-118.0485628,True,1,1,0,91.0,380.8,433.0,,False,home improvement (Home Depot / Lowe's)
"Los Angeles County, CA",Home Depot,The Home Depot,44226 20th Street West Lancaster,34.6864566,-118.1641573,True,2,2,0,93.4,321.3,13.4,,False,home improvement (Home Depot / Lowe's)
"Los Angeles County, CA",Home Depot,The Home Depot,1675 Wilshire Boulevard Los Angeles,34.0571173,-118.2707508,True,3,3,0,94.5,928.8,8.7,,False,home improvement (Home Depot / Lowe's)
"Los Angeles County, CA",Target,Target,,34.1429497,-118.258652,True,1,0,1,87.1,,,,,control big-box
"Los Angeles County, CA",Best Buy,Best Buy,,34.0163197,-118.4072292,False,0,0,0,175.6,,,,,control big-box
"Los Angeles County, CA",Best Buy,Best Buy,,34.1510562,-118.0803546,False,0,0,0,1271.1,,,,,control big-box
"Los Angeles County, CA",Target,Target,,34.1469237,-118.0856589,False,0,0,0,1486.6,,,,,control big-box
"Los Angeles County, CA",Walmart,Walmart,,34.1881762,-118.62528,True,1,0,0,73.7,,,,,control big-box
"Los Angeles County, CA",Kohl's,Kohl's,,34.1912596,-118.6249306,False,0,0,0,301.5,,,,,control big-box
"Los Angeles County, CA",Target,Target,,34.0627614,-118.443698,False,0,0,0,289.1,,,,,control big-box
"Los Angeles County, CA",Target,Target,,33.9991214,-118.393933,False,0,0,0,434.3,,,,,control big-box
"Los Angeles County, CA",Kohl's,Kohl's,,34.3927664,-118.4685457,False,0,0,0,641.8,,,,,control big-box
"Los Angeles County, CA",Walmart,Walmart,,33.8278373,-118.353416,False,0,0,0,181.5,,,,,control big-box
"Los Angeles County, CA",Target,Target,,33.9849802,-118.394411,True,1,0,1,119.1,,,,,control big-box
"Los Angeles County, CA",Kohl's,Kohl's,,33.8310593,-118.1615117,False,0,0,0,1053.3,,,,,control big-box
"Los Angeles County, CA",Best Buy,Best Buy,,33.9844658,-118.394923,True,1,0,1,45.1,,,,,control big-box
"Los Angeles County, CA",Costco,Costco Business Center,,33.9183868,-118.343295,False,0,0,0,1389.4,,,,,control big-box
"Los Angeles County, CA",Target,Target,,34.1415053,-118.224087,False,0,0,0,536.9,,,,,control big-box
"Los Angeles County, CA",Best Buy,Best Buy,,34.2338459,-118.555725,False,0,0,0,199.6,,,,,control big-box
"Los Angeles County, CA",Target,Target,,34.0694956,-117.9768767,True,1,0,1,90.7,,,,,control big-box
"Los Angeles County, CA",Target,Target,,34.08971,-118.3447263,False,0,0,0,200.1,,,,,control big-box
"Los Angeles County, CA",Best Buy,Best Buy,,34.0893667,-118.3445551,False,0,0,0,228.7,,,,,control big-box
"Los Angeles County, CA",Best Buy,Best Buy,,34.0712715,-117.9308856,False,0,0,0,409.2,,,,,control big-box
"Los Angeles County, CA",Target,Target,,34.1095009,-117.7596954,False,0,0,0,671.9,,,,,control big-box
"Los Angeles County, CA",Target,Target,,34.0491424,-118.261357,False,0,0,0,895.1,,,,,control big-box
"Los Angeles County, CA",Walmart,Walmart Neighborhood Market,,34.0012181,-117.8095652,True,2,0,2,121.4,,,,,control big-box
"Los Angeles County, CA",Target,Target,,34.034892,-117.7558677,False,0,0,0,201.2,,,,,control big-box
"Los Angeles County, CA",Target,Target,,34.0738442,-117.8844871,False,0,0,0,248.6,,,,,control big-box
"Los Angeles County, CA",Target,Target,,34.0749119,-118.375526,False,0,0,0,184.5,,,,,control big-box
"Los Angeles County, CA",Target,Target,,34.0257016,-118.2843512,False,0,0,0,744.3,,,,,control big-box
"Los Angeles County, CA",Walmart,Walmart Neighborhood Market,,33.9185466,-118.013281,False,0,0,0,195.2,,,,,control big-box
"Los Angeles County, CA",Walmart,Walmart Neighborhood Market,,34.2344724,-118.448672,False,0,0,0,2196.6,,,,,control big-box
"Los Angeles County, CA",Walmart,Walmart Neighborhood Market,,33.8483863,-118.263479,False,0,0,0,1457.5,,,,,control big-box
"Los Angeles County, CA",Walmart,Walmart Supercenter,,34.071943,-117.963494,False,0,0,0,208.3,,,,,control big-box
"Los Angeles County, CA",Walmart,Walmart Neighborhood Market,,34.0471887,-117.949791,True,1,0,1,143.1,,,,,control big-box
"Los Angeles County, CA",Walmart,Walmart Supercenter,,34.102622,-117.909601,False,0,0,0,331.6,,,,,control big-box
"Los Angeles County, CA",Walmart,Walmart Neighborhood Market,,33.855292,-118.3523244,False,0,0,0,920.3,,,,,control big-box
"Los Angeles County, CA",Best Buy,Best Buy,,34.4287641,-118.5378376,False,0,0,0,220.2,,,,,control big-box
"Los Angeles County, CA",Best Buy,Best Buy,,34.1885144,-118.3277359,False,0,0,0,341.8,,,,,control big-box
"Los Angeles County, CA",Target,Target,,34.0635229,-118.2858726,False,0,0,0,1523.3,,,,,control big-box
"Los Angeles County, CA",Best Buy,Best Buy,,34.5974756,-118.1453008,True,2,0,2,111.2,,,,,control big-box
"Los Angeles County, CA",Target,Target,,33.9481405,-118.1674781,False,0,0,0,256.8,,,,,control big-box
"Los Angeles County, CA",Kohl's,Kohl's,,34.1171053,-117.8333285,False,0,0,0,165.9,,,,,control big-box
"Los Angeles County, CA",Target,Target,,34.168844,-118.34793,False,0,0,0,189.4,,,,,control big-box
"Los Angeles County, CA",Target,Target,,34.1379446,-117.9831429,False,0,0,0,246.1,,,,,control big-box
"Los Angeles County, CA",Best Buy,Best Buy,,34.1364716,-117.9845014,False,0,0,0,190.6,,,,,control big-box
"Los Angeles County, CA",Kohl's,Kohl's,,34.6067926,-118.1444182,False,0,0,0,374.2,,,,,control big-box
"Los Angeles County, CA",Target,Target,,33.9014804,-118.351041,False,0,0,0,739.4,,,,,control big-box
"Los Angeles County, CA",Target,Target,,34.1475711,-118.7936862,False,0,0,0,296.8,,,,,control big-box
"Los Angeles County, CA",Walmart,Walmart Supercenter,,34.4440903,-118.5763877,False,0,0,0,342.8,,,,,control big-box
"Los Angeles County, CA",Best Buy,Best Buy,,34.0319711,-118.1217824,False,0,0,0,317.5,,,,,control big-box
"Los Angeles County, CA",Target,Target,,34.1746003,-118.4668575,False,0,0,0,1010.5,,,,,control big-box
"Los Angeles County, CA",Best Buy,Best Buy,,34.1148554,-117.836994,False,0,0,0,175.3,,,,,control big-box
"Los Angeles County, CA",Target,Target,,34.0442796,-118.3789883,False,0,0,0,926.8,,,,,control big-box
"Los Angeles County, CA",Target,Target,,34.0656852,-118.3442739,False,0,0,0,600.8,,,,,control big-box
"Los Angeles County, CA",Target,Target,,34.0494687,-118.3438419,False,0,0,0,646.8,,,,,control big-box
"Los Angeles County, CA",Target,Target,,34.0423466,-118.4587796,False,0,0,0,876.8,,,,,control big-box
"Los Angeles County, CA",Target,Target,,34.0156118,-118.4926475,False,0,0,0,252.6,,,,,control big-box
"Los Angeles County, CA",Target,Target,,34.1020908,-118.3426147,False,0,0,0,886.6,,,,,control big-box
"Los Angeles County, CA",Target,Target,,34.1229569,-118.2250898,False,0,0,0,1971.5,,,,,control big-box
"Los Angeles County, CA",Target,Target,,34.2583356,-118.4663628,True,5,0,5,67.0,,,,,control big-box
"Los Angeles County, CA",Target,Target,,34.0692971,-118.265873,False,0,0,0,1058.3,,,,,control big-box
"Los Angeles County, CA",Target,Target,,34.1879849,-118.39746,False,0,0,0,1862.3,,,,,control big-box
"Los Angeles County, CA",Target,Target,,33.9903964,-118.2174836,False,0,0,0,289.7,,,,,control big-box
"Los Angeles County, CA",Target,Target,,34.0178584,-118.1506525,False,0,0,0,1146.1,,,,,control big-box
"Los Angeles County, CA",Target,Target,,34.0787904,-118.2793431,False,0,0,0,2596.4,,,,,control big-box
"Los Angeles County, CA",Target,Target,,33.9648659,-118.3527971,False,0,0,0,756.5,,,,,control big-box
"Los Angeles County, CA",Target,Target,,34.161641,-118.512719,False,0,0,0,3483.7,,,,,control big-box
"Los Angeles County, CA",Best Buy,Best Buy,,33.8760951,-118.1409152,False,0,0,0,930.9,,,,,control big-box
"Los Angeles County, CA",Target,Target,,34.0914177,-118.1472593,False,0,0,0,462.6,,,,,control big-box
"Los Angeles County, CA",Costco,Costco,,34.0897553,-118.1486825,False,0,0,0,236.4,,,,,control big-box
"Los Angeles County, CA",Kohl's,Kohl's,,34.0798121,-118.1533738,True,1,0,1,85.4,,,,,control big-box
"Los Angeles County, CA",Kohl's,Kohl's,,34.1389633,-118.010332,False,0,0,0,441.6,,,,,control big-box
"Los Angeles County, CA",Walmart,Walmart Supercenter,,34.0503589,-118.0854182,False,0,0,0,490.6,,,,,control big-box
"Los Angeles County, CA",Target,Target,,34.0741425,-118.0703942,True,2,0,2,70.3,,,,,control big-box
"Los Angeles County, CA",Target,Target,,34.146417,-118.1345024,False,0,0,0,531.4,,,,,control big-box
"Los Angeles County, CA",Costco,Costco,,34.0373022,-118.1046701,False,0,0,0,166.8,,,,,control big-box
"Los Angeles County, CA",Walmart,Walmart Supercenter,,33.8293733,-118.090624,False,0,0,0,854.6,,,,,control big-box
"Los Angeles County, CA",Best Buy,Best Buy,,33.8515205,-118.1344471,True,2,0,2,132.4,,,,,control big-box
"Los Angeles County, CA",Costco,Costco,,34.1860134,-118.3243367,False,0,0,0,241.0,,,,,control big-box
"Los Angeles County, CA",Walmart,Walmart Supercenter,,34.6116436,-118.1445145,False,0,0,0,640.2,,,,,control big-box
"Los Angeles County, CA",Walmart,Walmart,,34.1340759,-117.9838995,False,0,0,0,182.4,,,,,control big-box
"Los Angeles County, CA",Costco,Costco,,34.1315398,-117.9256308,False,0,0,0,326.9,,,,,control big-box
"Los Angeles County, CA",Target,Target,,34.2730221,-118.503546,False,0,0,0,2860.1,,,,,control big-box
"Los Angeles County, CA",Target,Target,,34.2344601,-118.5034907,False,0,0,0,1546.3,,,,,control big-box
"Los Angeles County, CA",Walmart,Walmart Supercenter,,34.2776924,-118.5668682,False,0,0,0,2628.8,,,,,control big-box
"Los Angeles County, CA",Best Buy,Best Buy,,34.2774773,-118.5689853,False,0,0,0,2432.7,,,,,control big-box
"Los Angeles County, CA",Target,Target,,34.2310248,-118.56016,False,0,0,0,527.2,,,,,control big-box
"Los Angeles County, CA",Kohl's,Kohl's,,34.2301563,-118.5601561,False,0,0,0,622.4,,,,,control big-box
"Los Angeles County, CA",Target,Target,,34.1886697,-118.3712919,True,1,0,1,90.4,,,,,control big-box
"Los Angeles County, CA",Target,Target,,33.8098326,-118.2861399,False,0,0,0,278.6,,,,,control big-box
"Los Angeles County, CA",Target,Target,,34.0974245,-118.3101517,True,2,0,2,89.8,,,,,control big-box
"Los Angeles County, CA",Costco,Costco,,33.9947995,-117.9225993,False,0,0,0,519.1,,,,,control big-box
"Los Angeles County, CA",Target,Target,,33.9921629,-117.9191579,False,0,0,0,207.7,,,,,control big-box
"Los Angeles County, CA",Target,Target,,33.8430899,-118.2598297,False,0,0,0,945.7,,,,,control big-box
"Los Angeles County, CA",Costco,Costco,,33.8504103,-118.1369719,False,0,0,0,155.3,,,,,control big-box
"Los Angeles County, CA",Best Buy,Best Buy,,34.1889885,-118.6004268,False,0,0,0,702.0,,,,,control big-box
"Los Angeles County, CA",Target,Target,,34.1041205,-117.8238095,False,0,0,0,174.1,,,,,control big-box
"Los Angeles County, CA",Target,Target,,34.0233377,-118.3738178,False,0,0,0,503.0,,,,,control big-box
"Los Angeles County, CA",Costco,Costco,,33.993005,-118.4471863,False,0,0,0,219.8,,,,,control big-box
"Los Angeles County, CA",Target,Target,,33.7604866,-118.2940681,False,0,0,0,379.2,,,,,control big-box
"Los Angeles County, CA",Walmart,Walmart Supercenter,,34.1165601,-117.8258534,True,1,0,1,130.6,,,,,control big-box
"Los Angeles County, CA",Costco,Costco,,34.6618804,-118.1518179,False,0,0,0,336.7,,,,,control big-box
"Los Angeles County, CA",Target,Target,,34.5997905,-118.1463602,True,2,0,2,104.6,,,,,control big-box
"Los Angeles County, CA",Target,Target,,34.6731639,-118.1489613,True,1,0,1,144.4,,,,,control big-box
"Los Angeles County, CA",Target,Target,,33.8689249,-118.3578497,False,0,0,0,249.7,,,,,control big-box
"Los Angeles County, CA",Target,Target,,33.9219505,-118.3213868,False,0,0,0,167.9,,,,,control big-box
"Los Angeles County, CA",Target,Target,,33.9484082,-118.3335139,False,0,0,0,1781.6,,,,,control big-box
"Los Angeles County, CA",Best Buy,Best Buy,,33.8692085,-118.0561733,False,0,0,0,843.8,,,,,control big-box
"Los Angeles County, CA",Kohl's,Kohl's,,33.8702684,-118.0581198,False,0,0,0,628.8,,,,,control big-box
"Los Angeles County, CA",Walmart,Walmart Supercenter,,33.8724264,-118.0618085,False,0,0,0,212.0,,,,,control big-box
"Los Angeles County, CA",Kohl's,Kohl's,,34.0281855,-117.8312751,True,1,0,1,147.8,,,,,control big-box
"Los Angeles County, CA",Target,Target,,33.9555556,-118.3957615,False,0,0,0,459.7,,,,,control big-box
"Los Angeles County, CA",Target,Target,,34.1363298,-117.9081446,True,2,0,2,117.0,,,,,control big-box
"Los Angeles County, CA",Target,Target,,33.7980151,-118.1227319,False,0,0,0,1024.4,,,,,control big-box
"Los Angeles County, CA",Best Buy,Best Buy,,33.8057899,-118.3498197,False,0,0,0,1398.5,,,,,control big-box
"Los Angeles County, CA",Costco,Costco,,33.8031076,-118.1649169,False,0,0,0,173.1,,,,,control big-box
"Los Angeles County, CA",Best Buy,Best Buy,,33.8974061,-118.3653911,False,0,0,0,253.6,,,,,control big-box
"Los Angeles County, CA",Target,Target,,33.7744164,-118.119432,False,0,0,0,735.3,,,,,control big-box
"Los Angeles County, CA",Costco,Costco Business Center,,34.1995064,-118.3802964,False,0,0,0,255.9,,,,,control big-box
"Los Angeles County, CA",Best Buy,Best Buy,,33.8769976,-118.2198816,False,0,0,0,308.4,,,,,control big-box
"Los Angeles County, CA",Kohl's,Kohl's,,33.794176,-118.3325206,False,0,0,0,998.5,,,,,control big-box
"Los Angeles County, CA",Best Buy,Best Buy,,34.1533155,-118.4479205,False,0,0,0,1318.8,,,,,control big-box
"Los Angeles County, CA",Walmart,Walmart Neighborhood Market,,33.9281422,-118.1477398,False,0,0,0,1508.7,,,,,control big-box
"Los Angeles County, CA",Target,Target,,33.8800484,-118.2195601,True,1,0,1,134.2,,,,,control big-box
"Los Angeles County, CA",Costco,Costco,,34.1866939,-118.6032066,False,0,0,0,904.4,,,,,control big-box
"Los Angeles County, CA",Target,Target,,34.2931029,-118.4178868,True,1,0,1,115.8,,,,,control big-box
"Los Angeles County, CA",Target,Target,,34.1673307,-118.5846951,False,0,0,0,2196.9,,,,,control big-box
"Los Angeles County, CA",Target,Target,,34.0283267,-118.4864366,False,0,0,0,277.7,,,,,control big-box
"Los Angeles County, CA",Costco,Costco,,34.1290361,-118.2639159,False,0,0,0,302.7,,,,,control big-box
"Los Angeles County, CA",Best Buy,Best Buy,,34.1278401,-118.2652995,False,0,0,0,385.4,,,,,control big-box
"Los Angeles County, CA",Costco,Costco,,34.2307719,-118.5502263,False,0,0,0,689.1,,,,,control big-box
"Los Angeles County, CA",Walmart,Walmart,,33.8571246,-118.300294,False,0,0,0,1081.0,,,,,control big-box
"Los Angeles County, CA",Kohl's,Kohl's,,33.9435035,-117.9977938,False,0,0,0,479.6,,,,,control big-box
"Los Angeles County, CA",Target,Target,,33.9426583,-117.9965612,False,0,0,0,622.3,,,,,control big-box
"Los Angeles County, CA",Best Buy,Best Buy,,34.0354822,-118.4395434,True,1,0,1,55.8,,,,,control big-box
"Los Angeles County, CA",Target,Target,,34.2127992,-118.459329,False,0,0,0,1063.4,,,,,control big-box
"Los Angeles County, CA",Best Buy,Best Buy,,34.2720019,-118.4238518,True,2,0,2,85.9,,,,,control big-box
"Los Angeles County, CA",Costco,Costco,,34.2718956,-118.4268411,False,0,0,0,169.3,,,,,control big-box
"Los Angeles County, CA",Costco,Costco,,34.1813503,-118.4636953,False,0,0,0,740.8,,,,,control big-box
"Los Angeles County, CA",Target,Target,,34.1903298,-118.6267374,False,0,0,0,163.1,,,,,control big-box
"Los Angeles County, CA",Target,Target,,33.7890311,-118.3180781,False,0,0,0,1609.9,,,,,control big-box
"Los Angeles County, CA",Walmart,Walmart Supercenter,,34.5567714,-118.0422675,False,0,0,0,177.4,,,,,control big-box
"Los Angeles County, CA",Costco,Costco,,33.8998138,-118.3735468,True,1,0,1,142.8,,,,,control big-box
"Los Angeles County, CA",Target,Target,,33.8164147,-118.18151,False,0,0,0,390.4,,,,,control big-box
"Los Angeles County, CA",Best Buy,Best Buy,,33.8066445,-118.1682366,False,0,0,0,484.9,,,,,control big-box
"Los Angeles County, CA",Walmart,Walmart Supercenter,,33.8613942,-118.1478313,True,1,0,1,135.9,,,,,control big-box
"Los Angeles County, CA",Target,Target,,33.8770604,-118.1661525,False,0,0,0,663.8,,,,,control big-box
"Los Angeles County, CA",Target,Target,,33.8526494,-118.1404889,False,0,0,0,564.2,,,,,control big-box
"Los Angeles County, CA",Walmart,Walmart Supercenter,,33.8303942,-118.1587083,False,0,0,0,806.9,,,,,control big-box
"Los Angeles County, CA",Target,Target,,33.8884343,-118.3943544,False,0,0,0,1730.8,,,,,control big-box
"Los Angeles County, CA",Target,Target,,33.8866737,-118.3168441,False,0,0,0,1562.9,,,,,control big-box
"Los Angeles County, CA",Kohl's,Kohl's,,33.8701388,-118.3550029,False,0,0,0,201.8,,,,,control big-box
"Los Angeles County, CA",Walmart,Walmart Neighborhood Market,,33.9001293,-118.3624167,False,0,0,0,519.8,,,,,control big-box
"Los Angeles County, CA",Costco,Costco,,33.9428058,-118.3334579,False,0,0,0,1632.3,,,,,control big-box
"Los Angeles County, CA",Target,Target,,33.8469168,-118.0619587,False,0,0,0,738.4,,,,,control big-box
"Los Angeles County, CA",Target,Target,,33.9183716,-118.0753972,False,0,0,0,1072.7,,,,,control big-box
"Los Angeles County, CA",Costco,Costco Business Center,,33.9943254,-118.1410695,False,0,0,0,400.0,,,,,control big-box
"Los Angeles County, CA",Walmart,Walmart Supercenter,,33.9101979,-118.208213,True,2,0,2,117.1,,,,,control big-box
"Los Angeles County, CA",Target,Target,,33.9256886,-118.1073123,False,0,0,0,1903.7,,,,,control big-box
"Los Angeles County, CA",Target,Target,,34.0005904,-118.086609,False,0,0,0,229.3,,,,,control big-box
"Los Angeles County, CA",Walmart,Walmart Supercenter,,33.9548372,-118.1876187,True,1,0,1,128.3,,,,,control big-box
"Los Angeles County, CA",Costco,Costco,,33.9198029,-118.1022196,False,0,0,0,2046.5,,,,,control big-box
"Los Angeles County, CA",Kohl's,Kohl's,,33.9363851,-118.1186831,False,0,0,0,1217.7,,,,,control big-box
"Los Angeles County, CA",Walmart,Walmart Supercenter,,33.9023983,-118.1453252,False,0,0,0,165.1,,,,,control big-box
"Los Angeles County, CA",Target,Target,,33.859415,-118.08733,False,0,0,0,467.1,,,,,control big-box
"Los Angeles County, CA",Target,Target,,33.937517,-118.0482594,False,0,0,0,165.7,,,,,control big-box
"Los Angeles County, CA",Walmart,Walmart Supercenter,,33.9408257,-118.0497996,False,0,0,0,282.2,,,,,control big-box
"Los Angeles County, CA",Best Buy,Best Buy,,33.9255662,-118.1292328,False,0,0,0,316.4,,,,,control big-box
"Los Angeles County, CA",Costco,Costco,,34.1518736,-118.797162,False,0,0,0,381.0,,,,,control big-box
"Los Angeles County, CA",Walmart,Walmart,,34.0292337,-117.7578841,False,0,0,0,238.7,,,,,control big-box
"Los Angeles County, CA",Walmart,Walmart Neighborhood Market,,34.0885641,-117.7374727,False,0,0,0,1027.5,,,,,control big-box
"Los Angeles County, CA",Kohl's,Kohl's,,34.1138852,-117.7627067,False,0,0,0,450.9,,,,,control big-box
"Los Angeles County, CA",Costco,Costco,,34.1118662,-117.8259513,False,0,0,0,320.2,,,,,control big-box
"Los Angeles County, CA",Target,Target,,34.033081,-117.9116878,False,0,0,0,183.6,,,,,control big-box
"Los Angeles County, CA",Walmart,Walmart Supercenter,,33.9984293,-117.9322878,False,0,0,0,1332.7,,,,,control big-box
"Los Angeles County, CA",Target,Target,,34.004393,-117.8210994,False,0,0,0,225.0,,,,,control big-box
"Los Angeles County, CA",Best Buy,Best Buy,,33.9975493,-117.9226552,False,0,0,0,688.5,,,,,control big-box
"Los Angeles County, CA",Target,Target,,34.2052968,-118.1987513,True,2,0,2,85.1,,,,,control big-box
"Los Angeles County, CA",Target,Target,,34.1891424,-118.3307533,False,0,0,0,347.7,,,,,control big-box
"Los Angeles County, CA",Walmart,Walmart Supercenter,,34.1882118,-118.3251378,True,1,0,1,100.3,,,,,control big-box
"Los Angeles County, CA",Target,Target,,34.4211093,-118.5616516,False,0,0,0,1712.7,,,,,control big-box
"Los Angeles County, CA",Walmart,Walmart Supercenter,,34.4139578,-118.5060443,False,0,0,0,902.9,,,,,control big-box
"Los Angeles County, CA",Kohl's,Kohl's,,34.4112954,-118.5577148,False,0,0,0,1483.4,,,,,control big-box
"Los Angeles County, CA",Costco,Costco,,34.4046787,-118.4616512,False,0,0,0,535.4,,,,,control big-box
"Los Angeles County, CA",Walmart,Walmart,,34.3834022,-118.5692484,False,0,0,0,579.5,,,,,control big-box
"Los Angeles County, CA",Walmart,Walmart Supercenter,,34.6924661,-118.0978202,False,0,0,0,318.4,,,,,control big-box
"Los Angeles County, CA",Target,Target,,34.245149,-118.419354,False,0,0,0,2134.9,,,,,control big-box
"Los Angeles County, CA",Walmart,Walmart Supercenter,,33.924463,-118.1285984,False,0,0,0,206.9,,,,,control big-box
"Los Angeles County, CA",Target,Target,,33.8267943,-118.3456241,False,0,0,0,182.0,,,,,control big-box
"Los Angeles County, CA",Walmart,Walmart Neighborhood Market,,34.6141195,-118.2001049,False,0,0,0,2017.5,,,,,control big-box
"Los Angeles County, CA",Costco,Costco,,33.8066413,-118.3336895,False,0,0,0,319.1,,,,,control big-box
"Los Angeles County, CA",Target,Target,,33.7734356,-118.3766472,False,0,0,0,1515.8,,,,,control big-box
"Los Angeles County, CA",Target,Target,,34.5740586,-118.0485225,False,0,0,0,235.1,,,,,control big-box
"Los Angeles County, CA",Target,Target,,34.39456,-118.4648258,False,0,0,0,247.1,,,,,control big-box
"Los Angeles County, CA",Target,Target,,34.1918345,-118.602608,False,0,0,0,1031.4,,,,,control big-box
"Los Angeles County, CA",Walmart,Walmart Supercenter,,33.9849908,-118.105123,False,0,0,0,253.4,,,,,control big-box
"Los Angeles County, CA",Walmart,Walmart Supercenter,,34.6937972,-118.174061,False,0,0,0,317.9,,,,,control big-box
"Los Angeles County, CA",Walmart,Walmart,,34.2226749,-118.4496435,False,0,0,0,928.0,,,,,control big-box
"King County, WA",Home Depot,The Home Depot,11616 Aurora Avenue North Seattle,47.7140468,-122.3428612,True,2,2,0,88.3,2596.2,12930.5,,False,home improvement (Home Depot / Lowe's)
"King County, WA",Lowe's,Lowe's,12525 Aurora Avenue North Seattle,47.7204821,-122.3473834,True,3,3,0,106.8,1859.8,13698.6,,False,home improvement (Home Depot / Lowe's)
"King County, WA",Lowe's,Lowe's,1232 A Street Northeast Auburn,47.319089,-122.2277682,True,3,3,0,106.6,249.5,31828.9,,False,home improvement (Home Depot / Lowe's)
"King County, WA",Lowe's,Lowe's,1000 Garden Avenue North Renton,47.5003608,-122.199522,True,3,0,3,91.9,91.9,13853.5,,False,home improvement (Home Depot / Lowe's)
"King County, WA",Home Depot,The Home Depot,6200 East Lake Samammish Parkway Issaquah,47.5470331,-122.0368774,True,2,2,0,96.6,499.4,21397.0,,False,home improvement (Home Depot / Lowe's)
"King County, WA",Home Depot,The Home Depot,1715 South 352nd Street Federal Way,47.2845609,-122.3109817,False,0,0,0,170.8,292.5,35052.7,,False,home improvement (Home Depot / Lowe's)
"King County, WA",Home Depot,The Home Depot,2701 Utah Avenue South Seattle,47.5783828,-122.335932,True,5,0,5,85.3,85.3,3064.3,,False,home improvement (Home Depot / Lowe's)
"King County, WA",Home Depot,The Home Depot,901 South Grady Way Renton,47.4730538,-122.2057945,False,0,0,0,825.8,825.8,16145.3,,False,home improvement (Home Depot / Lowe's)
"King County, WA",Lowe's,Lowe's,2700 Rainier Avenue South Seattle,47.5791463,-122.2976496,False,0,0,0,153.1,153.1,2491.1,,False,home improvement (Home Depot / Lowe's)
"King County, WA",Home Depot,The Home Depot,7345 Delridge Way Southwest Seattle,47.5363555,-122.3638657,True,2,0,2,102.8,102.8,8125.6,,False,home improvement (Home Depot / Lowe's)
"King County, WA",Home Depot,The Home Depot,6810 South 180th Street Tukwila,47.4431809,-122.2485054,True,2,0,2,100.4,100.4,18029.3,,False,home improvement (Home Depot / Lowe's)
"King County, WA",Lowe's,Lowe's,1625 11th Avenue Northwest Issaquah,47.5490658,-122.0565453,True,3,3,0,93.8,630.2,19912.6,,False,home improvement (Home Depot / Lowe's)
"King County, WA",Lowe's,Lowe's,35425 Enchanted Parkway South Federal Way,47.2839531,-122.3154536,True,4,3,1,96.9,96.9,35122.3,,False,home improvement (Home Depot / Lowe's)
"King County, WA",Lowe's,Lowe's,24050 Pacific Highway South Kent,47.3855176,-122.2942816,True,2,2,0,102.8,493.0,23858.9,,False,home improvement (Home Depot / Lowe's)
"King County, WA",Home Depot,The Home Depot,1335 North 205th Street - 244th Street Southwest Shoreline,47.7761332,-122.3419274,True,2,0,2,91.5,91.5,19743.5,,False,home improvement (Home Depot / Lowe's)
"King County, WA",Lowe's,Lowe's,101 Andover Park East Tukwila,47.4602819,-122.2515262,True,4,1,3,101.2,101.2,16135.9,,False,home improvement (Home Depot / Lowe's)
"King County, WA",Home Depot,The Home Depot,17777 Northeast 76th Street Redmond,47.6693515,-122.1027361,True,3,2,1,82.8,135.8,17411.8,,False,home improvement (Home Depot / Lowe's)
"King County, WA",Home Depot,The Home Depot,325 120th Avenue Northeast Bellevue,47.6124076,-122.1819777,True,3,3,0,105.6,822.8,9753.5,,False,home improvement (Home Depot / Lowe's)
"King County, WA",Home Depot,The Home Depot,27027 185th Avenue Southeast Covington,47.3597809,-122.0973688,True,2,1,1,121.8,121.8,31145.6,,False,home improvement (Home Depot / Lowe's)
"King County, WA",Home Depot,The Home Depot,18333 120th Avenue Northeast Bothell,47.7599633,-122.1780853,True,2,2,0,122.8,4380.7,20385.7,,False,home improvement (Home Depot / Lowe's)
"King County, WA",Home Depot,The Home Depot,26120 104th Avenue Southeast Kent,47.367139,-122.2009571,True,3,3,0,102.8,1731.9,27153.6,,False,home improvement (Home Depot / Lowe's)
"King County, WA",Best Buy,Best Buy,,47.7092276,-122.324837,False,0,0,0,1390.0,,,,,control big-box
"King County, WA",Target,Target,,47.5738505,-122.1734248,False,0,0,0,736.4,,,,,control big-box
"King County, WA",Target,Target,,47.3131675,-122.3054303,False,0,0,0,438.2,,,,,control big-box
"King County, WA",Target,Target,,47.7092311,-122.325169,False,0,0,0,1366.4,,,,,control big-box
"King County, WA",Target,Target,,47.6084433,-122.338663,False,0,0,0,475.9,,,,,control big-box
"King County, WA",Walmart,Walmart Neighborhood Market,,47.6087019,-122.1396314,False,0,0,0,3128.3,,,,,control big-box
"King County, WA",Kohl's,Kohl's,,47.4498935,-122.2585104,False,0,0,0,320.0,,,,,control big-box
"King County, WA",Best Buy,Best Buy,,47.5491093,-122.0413095,False,0,0,0,283.5,,,,,control big-box
"King County, WA",Kohl's,Kohl's,,47.3128301,-122.3065746,False,0,0,0,531.7,,,,,control big-box
"King County, WA",Target,Target,,47.6124647,-122.1850746,False,0,0,0,203.2,,,,,control big-box
"King County, WA",Target,Target,,47.4550551,-122.2588701,False,0,0,0,254.7,,,,,control big-box
"King County, WA",Kohl's,Kohl's,,47.6743934,-122.1047866,True,2,0,2,72.9,,,,,control big-box
"King County, WA",Walmart,Walmart Supercenter,,47.472213,-122.2210513,False,0,0,0,245.1,,,,,control big-box
"King County, WA",Best Buy,Best Buy,,47.3182618,-122.315384,False,0,0,0,1172.7,,,,,control big-box
"King County, WA",Costco,Costco,,47.551286,-122.0528956,False,0,0,0,209.1,,,,,control big-box
"King County, WA",Target,Target,,47.541819,-122.0506784,False,0,0,0,725.0,,,,,control big-box
"King County, WA",Costco,Costco,,47.2869644,-122.3097942,True,2,0,0,114.4,,,,,control big-box
"King County, WA",Costco,Costco,,47.5653968,-122.3303528,False,0,0,0,1565.3,,,,,control big-box
"King County, WA",Best Buy,Best Buy,,47.6140101,-122.1824331,True,2,0,0,70.9,,,,,control big-box
"King County, WA",Costco,Costco,,47.4454098,-122.2486398,False,0,0,0,313.9,,,,,control big-box
"King County, WA",Walmart,Walmart Supercenter,,47.2925942,-122.310121,False,0,0,0,724.7,,,,,control big-box
"King County, WA",Walmart,Walmart,,47.3610383,-122.108512,False,0,0,0,313.0,,,,,control big-box
"King County, WA",Costco,Costco,,47.775005,-122.3448487,True,1,0,1,104.2,,,,,control big-box
"King County, WA",Costco,Costco,,47.3553718,-122.1219175,False,0,0,0,375.0,,,,,control big-box
"King County, WA",Kohl's,Kohl's,,47.3596865,-122.113234,False,0,0,0,358.1,,,,,control big-box
"King County, WA",Walmart,Walmart Supercenter,,47.301403,-122.2408657,False,0,0,0,653.0,,,,,control big-box
"King County, WA",Target,Target,,47.6725476,-122.1033473,True,1,0,1,128.3,,,,,control big-box
"King County, WA",Target,Target,,47.3660117,-122.2034483,True,1,0,0,123.5,,,,,control big-box
"King County, WA",Best Buy,Best Buy,,47.2982341,-122.2469497,False,0,0,0,1148.0,,,,,control big-box
"King County, WA",Target,Target,,47.4962639,-122.1998698,True,1,0,1,112.2,,,,,control big-box
"King County, WA",Target,Target,,47.5222125,-122.3686041,False,0,0,0,1537.6,,,,,control big-box
"King County, WA",Costco,Costco,,47.6741146,-122.0915109,False,0,0,0,354.1,,,,,control big-box
"King County, WA",Costco,Costco,,47.6807334,-122.1818291,False,0,0,0,3367.7,,,,,control big-box
"King County, WA",Target,Target,,47.7590771,-122.1541141,False,0,0,0,1687.3,,,,,control big-box
"King County, WA",Best Buy,Best Buy,,47.4476102,-122.2597952,False,0,0,0,227.5,,,,,control big-box
