file,title,publisher,date,url,bucket,date_retrieved,words
uwchr_leaving_door_wide_open.txt,Leaving the Door Wide Open: Flock Surveillance Systems Expose Washington Data to Immigration Enforcement,UW Center for Human Rights,2025-10-21,https://jsis.washington.edu/humanrights/2025/10/21/leaving-the-door-wide-open/,federal access,2026-09-28,8514
flock_does_flock_share_data_with_ice.txt,Does Flock Share Data With ICE? Here's Flock's Answer,Flock Safety,2025,https://www.flocksafety.com/blog/does-flock-share-data-with-ice,vendor statement,2026-09-28,1888
immpolicy_ice_alpr_tracking.txt,Reported: ICE using ALPR cameras for immigration enforcement via state/local police,Immigration Policy Tracking Project,2025,https://immpolicytracking.org/policies/reported-ice-accessing-flock-automated-license-plate-reader-cameras-via-local-law-enforcement/,federal access,2026-09-28,1830
urbanist_wa_cities_question_lprs.txt,Washington Cities Question Use of License Plate Readers Citing Federal Overreach,The Urbanist,2025-11-13,https://www.theurbanist.org/2025/11/13/washington-cities-question-use-of-license-plate-readers/,reporting,2026-09-28,2166
kiro7_legal_concerns_federal_sharing.txt,Legal concerns raised as WA license plate data is shared with federal agencies,KIRO 7 News Seattle,2025,https://www.kiro7.com/news/local/legal-concerns-raised-wa-license-plate-data-is-shared-with-federal-agencies/FS3TOCDRWFC2FHQSP3D7WE6CQE/,reporting,2026-09-28,408
mynorthwest_federal_immigration_access.txt,Federal immigration agencies access WA license plate data,MyNorthwest,2025,https://mynorthwest.com/local/flock-safety-immigration-data/4145569,reporting,2026-09-28,929
opb_immigration_agencies_wa_plate_data.txt,Immigration agencies have access to license plate data in Washington state,OPB,2025-12-04,https://www.opb.org/article/2025/12/04/think-out-loud-washington-immigration-agencies-license-plate/,reporting,2026-09-28,1788
stateofsurveillance_school_cameras_ice.txt,School Cameras Feeding Data to ICE: An Investigation,State of Surveillance,2026,https://stateofsurveillance.org/news/school-cameras-ice-flock-safety-immigration-enforcement-2026/,reporting,2026-09-28,1497
ca_sb34_enrolled_text.txt,SB 34 (2015) Automated license plate recognition systems: use of data - enrolled text,California Legislature,2015-09-08,https://leginfo.public.ca.gov/pub/15-16/bill/sen/sb_0001-0050/sb_34_bill_20150908_enrolled.pdf,state law - CA,2026-09-28,16544
ca_civil_code_1798_90_5.txt,California Civil Code Section 1798.90.5 (ALPR definitions and duties),California Civil Code via onecle,2025,https://law.onecle.com/california/civil/1798.90.5.html,state law - CA,2026-09-28,323
ca_ag_bulletin_2023_dle_06.txt,Information Bulletin 2023-DLE-06: Guidance on SB 34 and ALPR data,California Attorney General,2023-10-27,https://oag.ca.gov/system/files/media/2023-dle-06.pdf,state law - CA,2026-09-28,1834
ca_ag_press_release_alpr_guidance.txt,Attorney General Bonta advises California law enforcement on legal uses of ALPR data,California Attorney General,2023-10-30,https://oag.ca.gov/news/press-releases/attorney-general-bonta-advises-california-law-enforcement-legal-uses-and,state law - CA,2026-09-28,550
eff_ca_doj_out_of_state_sharing_unlawful.txt,California DOJ Declares Out-of-State Sharing of License Plate Data Unlawful,Electronic Frontier Foundation,2023-10,https://www.eff.org/deeplinks/2023/10/victory-california-department-justice-declares-out-state-sharing-license-plate,advocacy analysis,2026-09-28,585
aclu_norcal_letter_ag_bonta_sb34.txt,Letter to Attorney General Bonta re: SB 34 compliance,ACLU of Northern California,2024-01-31,https://www.aclunorcal.org/sites/default/files/2024-01-31_letter_to_ag_bonta_re_sb_34_final.pdf,advocacy analysis,2026-09-28,2802
aclu_ca_agencies_sharing_anti_abortion_states.txt,Dozens of Police Agencies in California Are Still Sharing Driver Locations with Anti-Abortion States,ACLU,2024,https://www.aclu.org/news/privacy-technology/dozens-of-police-agencies-in-california-are-still-sharing-driver-locations-with-anti-abortion-states-were-fighting-back,advocacy analysis,2026-09-28,1681
wa_sb6002_passed_legislature.txt,SB 6002 (Driver Privacy Act) - as passed legislature,Washington State Legislature,2026-03-30,https://lawfilesext.leg.wa.gov/biennium/2025-26/Htm/Bills/Senate%20Passed%20Legislature/6002-S.PL.htm,state law - WA,2026-09-28,3378
wa_hb2332_text.txt,HB 2332 - ALPR related legislation text,Washington State Legislature,2026,https://lawfilesext.leg.wa.gov/biennium/2025-26/Htm/Bills/House%20Bills/2332.htm,state law - WA,2026-09-28,2935
wa_rcw_10_130_030.txt,RCW 10.130.030,Washington State Legislature,2026,https://app.leg.wa.gov/RCW/default.aspx?cite=10.130.030,state law - WA,2026-09-28,852
mrsc_restrictions_flock_cameras.txt,What to Know About the New Restrictions on Flock and Similar Camera Systems,Municipal Research and Services Center (MRSC),2026-04,https://mrsc.org/stay-informed/mrsc-insight/april-2026/restrictions-flock-cameras,state law - WA,2026-09-28,2568
mrsc_closing_the_blinds_pra_exemption.txt,Closing the Blinds: New Public Records Act Exemption Limits Disclosure of ALPR Data,Municipal Research and Services Center (MRSC),2026-04,https://mrsc.org/stay-informed/mrsc-insight/april-2026/license-plate-reader-data,state law - WA,2026-09-28,2414
aclu_wa_first_regulations_lpr.txt,Washington enacts first regulations on license plate readers,ACLU of Washington,2026,https://www.aclu-wa.org/news/washington-enacts-first-regulations-on-license-plate-readers/,advocacy analysis,2026-09-28,773
cascadia_police_adjust_surveillance_law.txt,Local police adjust to Washington's new mass surveillance law,Cascadia Daily News,2026-04-26,https://www.cascadiadaily.com/2026/apr/26/local-police-adjust-to-washingtons-new-mass-surveillance-law/,reporting,2026-09-28,1496
seattle_ord_127044_alpr_sir.txt,Seattle Ordinance 127044 - SPD Fleet-Wide ALPR Surveillance Impact Report,Seattle City Clerk,2024,https://clerk.seattle.gov/~archives/Ordinances/Ord_127044.pdf,local policy - King,2026-09-28,45586
seattle_2023_sir_fleetwide_alpr.txt,2023 Surveillance Impact Report: Fleet-Wide ALPR (with change markup),City of Seattle,2023,https://www.seattle.gov/documents/Departments/Tech/Surveillance/Material%20Update%20Docs/ALPR/2023%20SIR%20Fleet-Wide%20ALPR%20with%20Change%20Markup.pdf,local policy - King,2026-09-28,8497
seattle_oig_alpr_usage_review.txt,"Surveillance Technology Usage Review: Automated License Plate Reader, Patrol (2021 and 2022)",Seattle Office of Inspector General,2023,https://www.seattle.gov/documents/departments/oig/audits/surveillancetechnologyusagereview-automatedlicenseplatereader-patrol(2021and2022).pdf,audit,2026-09-28,4158
seattle_2024_equity_impact_assessment.txt,2024 Surveillance Technology Community Equity Impact Assessment and Policy Guidance Report,Seattle Chief Technology Officer,2024,https://www.seattle.gov/documents/Departments/Tech/Surveillance/Equity%20Reports/2024%20CTO%20Surveillance%20Technology%20Community%20Equity%20Impact%20Assessment%20and%20Policy%20Guidance%20Report.pdf,local policy - King,2026-09-28,3571
seattle_master_list_surveillance_tech.txt,City of Seattle Master List of Surveillance Technologies,Seattle City Clerk,2017-11-30,https://clerk.seattle.gov/~CFS/CF_320558.pdf,local policy - King,2026-09-28,3434
lasd_alpr_transparency_page.txt,Automatic License Plate Recognition - transparency page,Los Angeles County Sheriff's Department,2026,https://lasd.org/transparency/alpr/,local policy - LA,2026-09-28,364
lasd_alpr_privacy_policy.txt,LASD Automated License Plate Recognition (ALPR) Privacy Policy,Los Angeles County Sheriff's Department,2026-04-22,http://shq.lasdnews.net/content/uoa/epc/alprprivacypolicy.pdf,local policy - LA,2026-09-28,1600
lasd_alpr_coc_community_presentation.txt,LASD ALPR Civilian Oversight Commission community presentation,Los Angeles County Sheriff's Department,2026-05-06,https://file.lacounty.gov/SDSInter/bos/supdocs/LASD-ALPRCOCCommunityPresentation_May6_2026.pdf,local policy - LA,2026-09-28,439
la_county_bos_motion_207511.txt,Revised motion by Supervisors (LA County Board of Supervisors) on ALPR,Los Angeles County Board of Supervisors,2026,https://file.lacounty.gov/SDSInter/bos/supdocs/207511.pdf,local policy - LA,2026-09-28,1290
lapd_special_order_31_alpr.txt,LAPD Special Order No. 31: ALPR Usage and Privacy Policy,Los Angeles Police Department,2020-12-10,https://lapdonlinestrgeacc.blob.core.usgovcloudapi.net/lapdonlinemedia/2021/11/so31-12-10.pdf,local policy - LA,2026-09-28,2242
eff_lapd_alpr_user_guide.txt,LAPD Automated License Plate Reader User Guide,Electronic Frontier Foundation (records release),2015,https://www.eff.org/document/lapd-automated-license-plate-reader-user-guide,local policy - LA,2026-09-28,238
lacity_cd12_alpr_program.txt,Automated License Plate Reader Program Launches (Council District 12),Los Angeles City Council District 12,2025,https://cd12.lacity.gov/articles/automated-license-plate-reader-program-launches,local policy - LA,2026-09-28,251
nbcla_lapd_renews_expands_alpr.txt,"LAPD renews, expands some automatic license plate reader systems",NBC Los Angeles,2025,https://www.nbclosangeles.com/investigations/lapd-renews-expands-some-automatic-license-plate-reader-systems/3945420/,reporting,2026-09-28,521
pasadena_ca_audit_flock_compliance.txt,Independent Audit Finds Pasadena Police's Flock Camera Program Complies With State Law,"Pasadena Now (Pasadena, CA)",2026,https://pasadenanow.com/main/independent-audit-finds-pasadena-polices-flock-camera-program-complies-with-state-law-department-policy,audit,2026-09-28,849
pasadena_ca_rally_remove_flock.txt,Dozens Rally at Pasadena City Hall to Demand Removal of Flock Cameras,"Pasadena Now (Pasadena, CA)",2026,https://pasadenanow.com/main/dozens-rally-at-pasadena-city-hall-to-demand-removal-of-flock-license-plate-reader-cameras,reporting,2026-09-28,1050
pasadena_ca_halt_flock_request.txt,Councilmember Hampton Asks City to Halt Flock Camera Use,"Pasadena Now (Pasadena, CA)",2026,https://pasadenanow.com/main/councilmember-hampton-asks-city-to-halt-flock-camera-use-as-review-committee-struggles-to-meet,reporting,2026-09-28,539
deflock_pasadena_ca.txt,DeFlock Pasadena - camera mapping and local campaign,"Pasadena Privacy (Pasadena, CA)",2026,https://pasadenaprivacy.org/deflock-pasadena,advocacy analysis,2026-09-28,1174
brennan_center_alpr_legal_status.txt,Automatic License Plate Readers: Legal Status and Policy Recommendations for Law Enforcement Use,Brennan Center for Justice,2020,https://www.brennancenter.org/our-work/research-reports/automatic-license-plate-readers-legal-status-and-policy-recommendations,background,2026-09-28,638
bja_lpr_policy_template.txt,License Plate Reader Policy Development Template for Use by Law Enforcement,Bureau of Justice Assistance (US DOJ),2020,https://bja.ojp.gov/doc/lpr-policy-development-template.pdf,background,2026-09-28,31245
eff_sls_alpr_overview.txt,Street-Level Surveillance: Automated License Plate Readers,Electronic Frontier Foundation,2026,https://sls.eff.org/technologies/automated-license-plate-readers-alprs,background,2026-09-28,2808
