name,address,lat,lon,source,verified,site_type,region,date_retrieved,notes
Casa Latina Day Worker Center,"317 17th Ave S, Seattle, WA 98144",47.599837480733,-122.310357411728,Casa Latina Day Worker Center (casa-latina.org/work/day-worker-center/),no,formal worker center,king,2026-09-27,
7-11 Store Location,"Pico Blvd & South La Brea Avenue, Los Angeles, CA 90019, USA",34.0478728,-118.3446635,NDLON California Day Laborer Corners map (https://ndlon.org/our-work/california-day-laborer-corners/),no,informal corner (NDLON map),la,2026-09-27,
Agoura Hills U-Haul Location,"28650 Canwood St, Agoura Hills, CA 91301, USA",34.1450438,-118.7505693,NDLON California Day Laborer Corners map (https://ndlon.org/our-work/california-day-laborer-corners/),no,informal corner (NDLON map),la,2026-09-27,
Alhambra Home Depot Location,"500 S Marengo Ave, Alhambra, CA 91803, USA",34.0851019,-118.1406118,NDLON California Day Laborer Corners map (https://ndlon.org/our-work/california-day-laborer-corners/),no,informal corner (NDLON map),la,2026-09-27,
Baja Ranch Supermarket Location,"475 Orange Grove Blvd, Pasadena, CA 91104, USA",34.1581702,-118.1406217,NDLON California Day Laborer Corners map (https://ndlon.org/our-work/california-day-laborer-corners/),no,informal corner (NDLON map),la,2026-09-27,
Baldwin Park Home Depot Location,"3200 Puente Ave, Baldwin Park, CA 91706, USA",34.0725473,-117.9577587,NDLON California Day Laborer Corners map (https://ndlon.org/our-work/california-day-laborer-corners/),no,informal corner (NDLON map),la,2026-09-27,
Burbank U-Haul Location,"924 S Victory Blvd, Burbank, CA 91506, USA",34.16731040000001,-118.3079404,NDLON California Day Laborer Corners map (https://ndlon.org/our-work/california-day-laborer-corners/),no,informal corner (NDLON map),la,2026-09-27,
Chatsworth U-Haul Location,"21326 Devonshire St, Chatsworth, CA 91311, USA",34.25656480000001,-118.5960052,NDLON California Day Laborer Corners map (https://ndlon.org/our-work/california-day-laborer-corners/),no,informal corner (NDLON map),la,2026-09-27,
City of Industry Home Depot Location,"18131 Gale Ave, City of Industry, CA 91748, USA",33.9960117,-117.9078736,NDLON California Day Laborer Corners map (https://ndlon.org/our-work/california-day-laborer-corners/),no,informal corner (NDLON map),la,2026-09-27,
Compton Home Depot,"101 Towne Center Dr, Compton, CA 90220, USA",33.8799788,-118.221778,NDLON California Day Laborer Corners map (https://ndlon.org/our-work/california-day-laborer-corners/),no,informal corner (NDLON map),la,2026-09-27,
Construction Warehouse,"1682 W Mission Blvd, Pomona, CA 91766, USA",34.0535429,-117.7782053,NDLON California Day Laborer Corners map (https://ndlon.org/our-work/california-day-laborer-corners/),no,informal corner (NDLON map),la,2026-09-27,
Culver City U-Haul Location,"6900 S Centinela Ave, Culver City, CA 90230, USA",33.9841818,-118.4006318,NDLON California Day Laborer Corners map (https://ndlon.org/our-work/california-day-laborer-corners/),no,informal corner (NDLON map),la,2026-09-27,
Cypress Park Community Job Center (IDEPSCA),"2055 N Figueroa St, Los Angeles, CA 90065",34.082556671109,-118.224212627608,City of Los Angeles Day Labor Program (ewdd.lacity.gov/index.php/employment/day-labor; cid.lacity.gov/employment-services/day-labor-program),no,formal city job center,la,2026-09-27,
Cypress Park Home Depot Location,"2055 N Figueroa St, Los Angeles, CA 90065, USA",34.0835001,-118.2258787,NDLON California Day Laborer Corners map (https://ndlon.org/our-work/california-day-laborer-corners/),no,informal corner (NDLON map),la,2026-09-27,
Downtown / Fashion District Job Center (IDEPSCA),"121 E Pico Blvd, Los Angeles, CA 90015",34.036228719245,-118.260107998052,City of Los Angeles Day Labor Program (ewdd.lacity.gov/index.php/employment/day-labor; cid.lacity.gov/employment-services/day-labor-program),no,formal city job center,la,2026-09-27,
Dunn Edwards Paint Store Downtown LA Location,"2021 S Hoover St, Los Angeles, CA 90007, USA",34.0376231,-118.284023,NDLON California Day Laborer Corners map (https://ndlon.org/our-work/california-day-laborer-corners/),no,informal corner (NDLON map),la,2026-09-27,
Dunn-Edwards Paint Store Location,"3897 E Colorado Blvd, Pasadena, CA 91107, USA",34.1481633,-118.0680786,NDLON California Day Laborer Corners map (https://ndlon.org/our-work/california-day-laborer-corners/),no,informal corner (NDLON map),la,2026-09-27,
Dunn-Edwards Paint Store Location,"6315 Sepulveda Blvd, Van Nuys, CA 91411, USA",34.1852108,-118.4668357,NDLON California Day Laborer Corners map (https://ndlon.org/our-work/california-day-laborer-corners/),no,informal corner (NDLON map),la,2026-09-27,
Dunn-Edwards Paint Store Location,"6254 Sepulveda Blvd, Van Nuys, CA 91411, USA",34.1845707,-118.4656838,NDLON California Day Laborer Corners map (https://ndlon.org/our-work/california-day-laborer-corners/),no,informal corner (NDLON map),la,2026-09-27,
Dunn-Edwards Paint Store Location,"9167 Reseda Blvd, Northridge, CA 91324, USA",34.2368537,-118.5361065,NDLON California Day Laborer Corners map (https://ndlon.org/our-work/california-day-laborer-corners/),no,informal corner (NDLON map),la,2026-09-27,
Dunn-Edwards Valley Paint Store Valley Glen Location,"12861 Sherman Way, Valley Glen, CA 91605, USA",34.201483,-118.4132525,NDLON California Day Laborer Corners map (https://ndlon.org/our-work/california-day-laborer-corners/),no,informal corner (NDLON map),la,2026-09-27,
Gardena Home Depot Location,"740 W 182nd St, Gardena, CA 90248, USA",33.8684975,-118.2866469,NDLON California Day Laborer Corners map (https://ndlon.org/our-work/california-day-laborer-corners/),no,informal corner (NDLON map),la,2026-09-27,
Granada Hills U-Haul Location,"11062 Balboa Blvd, Granada Hills, CA 91344, USA",34.2716911,-118.5018377,NDLON California Day Laborer Corners map (https://ndlon.org/our-work/california-day-laborer-corners/),no,informal corner (NDLON map),la,2026-09-27,
Hardware Apartment Supply Location,"7033 Topanga Canyon Blvd, Canoga Park, CA 91303, USA",34.1983698,-118.606448,NDLON California Day Laborer Corners map (https://ndlon.org/our-work/california-day-laborer-corners/),no,informal corner (NDLON map),la,2026-09-27,
Hawthorne Home Depot Location,"14603 Ocean Gate Ave, Hawthorne, CA 90250, USA",33.8983712,-118.3688722,NDLON California Day Laborer Corners map (https://ndlon.org/our-work/california-day-laborer-corners/),no,informal corner (NDLON map),la,2026-09-27,
Hollywood Community Job Center (IDEPSCA),"5107 W Sunset Blvd, Los Angeles, CA 90027",34.098180610565,-118.300798316126,City of Los Angeles Day Labor Program (ewdd.lacity.gov/index.php/employment/day-labor; cid.lacity.gov/employment-services/day-labor-program),no,formal city job center,la,2026-09-27,
Hollywood Community Job Center - De Longpre,"5669 W De Longpre Ave, Los Angeles, CA 90028",34.096891458569,-118.312315696804,City of Los Angeles Day Labor Program (ewdd.lacity.gov/index.php/employment/day-labor; cid.lacity.gov/employment-services/day-labor-program),no,formal city job center,la,2026-09-27,
Hollywood Home Depot Location,"5600 Sunset Blvd, Hollywood, CA 90028, USA",34.0975845,-118.3127702,NDLON California Day Laborer Corners map (https://ndlon.org/our-work/california-day-laborer-corners/),no,informal corner (NDLON map),la,2026-09-27,
Home Depot Location,"2881 E Walnut St, Pasadena, CA 91107, USA",34.1480413,-118.0909728,NDLON California Day Laborer Corners map (https://ndlon.org/our-work/california-day-laborer-corners/),no,informal corner (NDLON map),la,2026-09-27,
Home Depot Location,"1625 Mountain Ave, Monrovia, CA 91016, USA",34.1338593,-117.9902451,NDLON California Day Laborer Corners map (https://ndlon.org/our-work/california-day-laborer-corners/),no,informal corner (NDLON map),la,2026-09-27,
Home Depot Location,"9700 Lower Azusa Rd, El Monte, CA 91731, USA",34.0882325,-118.0542856,NDLON California Day Laborer Corners map (https://ndlon.org/our-work/california-day-laborer-corners/),no,informal corner (NDLON map),la,2026-09-27,
Home Depot Location,"3500 Market Pl Dr, Monterey Park, CA 91755, USA",34.0371297,-118.1014776,NDLON California Day Laborer Corners map (https://ndlon.org/our-work/california-day-laborer-corners/),no,informal corner (NDLON map),la,2026-09-27,
Home Depot Location,"12975 W Jefferson Blvd, Los Angeles, CA 90066, USA",33.9766512,-118.4237948,NDLON California Day Laborer Corners map (https://ndlon.org/our-work/california-day-laborer-corners/),no,informal corner (NDLON map),la,2026-09-27,
Inglewood Home Depot Location,"3363 W Century Blvd, Inglewood, CA 90303, USA",33.9456187,-118.3318303,NDLON California Day Laborer Corners map (https://ndlon.org/our-work/california-day-laborer-corners/),no,informal corner (NDLON map),la,2026-09-27,
Inglewood Home Depot Location,"8801 S La Cienega Blvd, Inglewood, CA 90301, USA",33.957477,-118.3708489,NDLON California Day Laborer Corners map (https://ndlon.org/our-work/california-day-laborer-corners/),no,informal corner (NDLON map),la,2026-09-27,
Lakewood Home Depot Location,"5000 Hardwick St, Lakewood, CA 90712, USA",33.8489093,-118.1347605,NDLON California Day Laborer Corners map (https://ndlon.org/our-work/california-day-laborer-corners/),no,informal corner (NDLON map),la,2026-09-27,
Lakewood Home Depot Location,"5000 Hardwick St, Lakewood, CA 90712, USA",33.8489093,-118.1347605,NDLON California Day Laborer Corners map (https://ndlon.org/our-work/california-day-laborer-corners/),no,informal corner (NDLON map),la,2026-09-27,
Lancaster Home Depot Location,"44226 20th St W, Lancaster, CA 93534, USA",34.6864833,-118.164015,NDLON California Day Laborer Corners map (https://ndlon.org/our-work/california-day-laborer-corners/),no,informal corner (NDLON map),la,2026-09-27,
Long Beach Home Depot Location,"4045 Cherry Ave, Long Beach, CA 90807, USA",33.8320154,-118.1681043,NDLON California Day Laborer Corners map (https://ndlon.org/our-work/california-day-laborer-corners/),no,informal corner (NDLON map),la,2026-09-27,
Long Beach Location,"3290 Cherry Ave, Long Beach, CA 90807, USA",33.817049,-118.167232,NDLON California Day Laborer Corners map (https://ndlon.org/our-work/california-day-laborer-corners/),no,informal corner (NDLON map),la,2026-09-27,
Memorial Park Location,"222 Sierra Madre Blvd, Sierra Madre, CA 91024, USA",34.1612757,-118.0572586,NDLON California Day Laborer Corners map (https://ndlon.org/our-work/california-day-laborer-corners/),no,informal corner (NDLON map),la,2026-09-27,
North Hollywood Day Labor Center,"11839 Sherman Way, North Hollywood, CA 91605",34.201254276773,-118.391344535477,City of Los Angeles Day Labor Program (ewdd.lacity.gov/index.php/employment/day-labor; cid.lacity.gov/employment-services/day-labor-program),no,formal city job center,la,2026-09-27,
North Hollywood U-Haul Location,"8265 Lankershim Blvd, North Hollywood, CA 91605, USA",34.2211959,-118.3885141,NDLON California Day Laborer Corners map (https://ndlon.org/our-work/california-day-laborer-corners/),no,informal corner (NDLON map),la,2026-09-27,
North Long Beach U-Haul Location,"5880 Paramount Blvd, Long Beach, CA 90805, USA",33.8624007,-118.1592158,NDLON California Day Laborer Corners map (https://ndlon.org/our-work/california-day-laborer-corners/),no,informal corner (NDLON map),la,2026-09-27,
Northridge U-Haul Location,"18160 Parthenia St, Northridge, CA 91325, USA",34.2280273,-118.5293641,NDLON California Day Laborer Corners map (https://ndlon.org/our-work/california-day-laborer-corners/),no,informal corner (NDLON map),la,2026-09-27,
Palmdale Home Depot Location,"38215 47th St E, Palmdale, CA 93552, USA",34.5793068,-118.0451976,NDLON California Day Laborer Corners map (https://ndlon.org/our-work/california-day-laborer-corners/),no,informal corner (NDLON map),la,2026-09-27,
Palmdale Home Depot Location,"340 West Avenue P, Palmdale, CA 93551, USA",34.5991568,-118.1351263,NDLON California Day Laborer Corners map (https://ndlon.org/our-work/california-day-laborer-corners/),no,informal corner (NDLON map),la,2026-09-27,
Paramount Home Depot Location,"6400 Alondra Blvd, Paramount, CA 90723, USA",33.8876782,-118.185587,NDLON California Day Laborer Corners map (https://ndlon.org/our-work/california-day-laborer-corners/),no,informal corner (NDLON map),la,2026-09-27,
Paramount Home Depot Location,"6400 Alondra Blvd, Paramount, CA 90723, USA",33.8876782,-118.185587,NDLON California Day Laborer Corners map (https://ndlon.org/our-work/california-day-laborer-corners/),no,informal corner (NDLON map),la,2026-09-27,
Pomona Home Depot Location,"2707 S Towne Ave, Pomona, CA 91766, USA",34.022081,-117.7422853,NDLON California Day Laborer Corners map (https://ndlon.org/our-work/california-day-laborer-corners/),no,informal corner (NDLON map),la,2026-09-27,
Public Storage Location,"6007 Venice Blvd., Los Angeles, CA 90034, USA",34.0372705,-118.3751596,NDLON California Day Laborer Corners map (https://ndlon.org/our-work/california-day-laborer-corners/),no,informal corner (NDLON map),la,2026-09-27,
Residential Area,"40 E Villa St, Pasadena, CA 91103, USA",34.153837,-118.149697,NDLON California Day Laborer Corners map (https://ndlon.org/our-work/california-day-laborer-corners/),no,informal corner (NDLON map),la,2026-09-27,
Rosemead Street Corner Location,"Garvey Ave & Kelburn Ave, Rosemead, CA 91770, USA",34.0626339,-118.0946451,NDLON California Day Laborer Corners map (https://ndlon.org/our-work/california-day-laborer-corners/),no,informal corner (NDLON map),la,2026-09-27,
San Fernando Home Depot Location,"12960 Foothill Blvd, San Fernando, CA 91340, USA",34.2940054,-118.4186835,NDLON California Day Laborer Corners map (https://ndlon.org/our-work/california-day-laborer-corners/),no,informal corner (NDLON map),la,2026-09-27,
Santa Clarita Home Depot Location,"20642 Golden Triangle Rd, Santa Clarita, CA 91351, USA",34.4189066,-118.4971621,NDLON California Day Laborer Corners map (https://ndlon.org/our-work/california-day-laborer-corners/),no,informal corner (NDLON map),la,2026-09-27,
Santa Clarita U-Haul Location,"27150 Sierra Hwy, Santa Clarita, CA 91351, USA",34.4070383,-118.461224,NDLON California Day Laborer Corners map (https://ndlon.org/our-work/california-day-laborer-corners/),no,informal corner (NDLON map),la,2026-09-27,
Shilpark Paint Store Location,"1640 S Vermont Ave, Los Angeles, CA 90006, USA",34.0429063,-118.2912645,NDLON California Day Laborer Corners map (https://ndlon.org/our-work/california-day-laborer-corners/),no,informal corner (NDLON map),la,2026-09-27,
Signal Hill Home Depot Location,"751 E Spring St, Signal Hill, CA 90755, USA",33.8136592,-118.183759,NDLON California Day Laborer Corners map (https://ndlon.org/our-work/california-day-laborer-corners/),no,informal corner (NDLON map),la,2026-09-27,
Signal Hill Home Depot Location,"2450 Cherry Ave, Signal Hill, CA 90755, USA",33.8017165,-118.1658432,NDLON California Day Laborer Corners map (https://ndlon.org/our-work/california-day-laborer-corners/),no,informal corner (NDLON map),la,2026-09-27,
Slauson Home Depot Location,"1830 W Slauson Ave, Los Angeles, CA 90047, USA",33.987511,-118.3113088,NDLON California Day Laborer Corners map (https://ndlon.org/our-work/california-day-laborer-corners/),no,informal corner (NDLON map),la,2026-09-27,
Street Location,"South Mariposa Avenue & Olympic Blvd, Los Angeles, CA 90006, USA",34.0526318,-118.2989596,NDLON California Day Laborer Corners map (https://ndlon.org/our-work/california-day-laborer-corners/),no,informal corner (NDLON map),la,2026-09-27,
Sun Valley U-Haul Location,"11022 Olinda St, Sun Valley, CA 91352, USA",34.2228866,-118.3697068,NDLON California Day Laborer Corners map (https://ndlon.org/our-work/california-day-laborer-corners/),no,informal corner (NDLON map),la,2026-09-27,
Sunland Paint Store Location,"8710 Sunland Blvd, Sun Valley, CA 91352, USA",34.2280148,-118.3657768,NDLON California Day Laborer Corners map (https://ndlon.org/our-work/california-day-laborer-corners/),no,informal corner (NDLON map),la,2026-09-27,
Sunset 7-11 Location,"5076 W Sunset Blvd, Los Angeles, CA 90027, USA",34.0976429,-118.3001298,NDLON California Day Laborer Corners map (https://ndlon.org/our-work/california-day-laborer-corners/),no,informal corner (NDLON map),la,2026-09-27,
Trancas County Market Location,"Trancas Canyon Rd & California 1, Malibu, CA 90265, USA",34.0310791,-118.8436583,NDLON California Day Laborer Corners map (https://ndlon.org/our-work/california-day-laborer-corners/),no,informal corner (NDLON map),la,2026-09-27,
U-Haul Location,"552 S Raymond Ave, Pasadena, CA 91105, USA",34.1369155,-118.1484285,NDLON California Day Laborer Corners map (https://ndlon.org/our-work/california-day-laborer-corners/),no,informal corner (NDLON map),la,2026-09-27,
USA Gasoline Location,"Heathercliff Rd & California 1, Malibu, CA 90265, USA",34.0220632,-118.8086937,NDLON California Day Laborer Corners map (https://ndlon.org/our-work/california-day-laborer-corners/),no,informal corner (NDLON map),la,2026-09-27,
Van Nuys U-Haul Location,"14601 Sherman Way, Van Nuys, CA 91405, USA",34.2019341,-118.4512657,NDLON California Day Laborer Corners map (https://ndlon.org/our-work/california-day-laborer-corners/),no,informal corner (NDLON map),la,2026-09-27,
Van Nuys U-Haul Location,"6735 Van Nuys Blvd, Van Nuys, CA, USA",34.19315489999999,-118.4489428,NDLON California Day Laborer Corners map (https://ndlon.org/our-work/california-day-laborer-corners/),no,informal corner (NDLON map),la,2026-09-27,
West Covina Home Depot Location,"2220 S Azusa Ave, West Covina, CA 91792, USA",34.0366992,-117.910803,NDLON California Day Laborer Corners map (https://ndlon.org/our-work/california-day-laborer-corners/),no,informal corner (NDLON map),la,2026-09-27,
West Hills Home Depot Location,"22855 Victory Blvd, West Hills, CA 91307, USA",34.1864429,-118.6246717,NDLON California Day Laborer Corners map (https://ndlon.org/our-work/california-day-laborer-corners/),no,informal corner (NDLON map),la,2026-09-27,
West Slauson Home Depot Location,"4925 W Slauson Ave, Los Angeles, CA 90056, USA",33.9889109,-118.3646395,NDLON California Day Laborer Corners map (https://ndlon.org/our-work/california-day-laborer-corners/),no,informal corner (NDLON map),la,2026-09-27,
Westlake Home Depot Location,"1675 Wilshire Blvd, Los Angeles, CA 90017, USA",34.0571953,-118.2707517,NDLON California Day Laborer Corners map (https://ndlon.org/our-work/california-day-laborer-corners/),no,informal corner (NDLON map),la,2026-09-27,
Wilmington Community Job Center (IDEPSCA),"1301 N Figueroa St, Wilmington, CA 90744",33.785403639219,-118.28071384503,City of Los Angeles Day Labor Program (ewdd.lacity.gov/index.php/employment/day-labor; cid.lacity.gov/employment-services/day-labor-program),no,formal city job center,la,2026-09-27,
Woodland Hills Home Depot Location,"6345 Variel Ave, Woodland Hills, CA 91367, USA",34.18553310000001,-118.594205,NDLON California Day Laborer Corners map (https://ndlon.org/our-work/california-day-laborer-corners/),no,informal corner (NDLON map),la,2026-09-27,
